Treatment,Mom,Ind,Weight,Develpomental_Stage,Sex,TBP,RPLP,11bHSD1,11bHSD2,PLII,Phlda2,Tpbpa,GR,IGF2,IGF2-R,log11bHSD1,log11bHSD2,logPLII,logPhlda2,logTpbpa,logGR
Control,112,A,0.2026,,M,0.883890374,0.90324216,0.90144564,1.002819013,1.325215893,0.90324216,1.85588651,0.818753139,,,-0.045060457,0.001222559,0.122286636,-0.044195799,0.268551415,-0.086847022
Control,112,B,0.1809,,F,1.248566521,1.200125045,1.051765005,0.888777739,0.558151011,1.200125045,0.585581477,1.033353429,,,0.021918717,-0.051206832,-0.253248284,0.079226499,-0.232412669,0.014248885
Control,112,C,,,M,1.098300386,0.939425981,0.468237505,0.731566671,0.548879265,0.939425981,0.561402927,1.190444562,,,-0.329533803,-0.135746089,-0.260523175,-0.027137433,-0.250725327,0.075709175
Control,112,D,0.2101,,F,1.046282681,1.032769332,1.09833062,0.913237024,1.198497924,1.032769332,1.555209019,1.061791456,,,0.040733091,-0.03941649,0.078637286,0.014003333,0.191788766,0.026039226
Control,112,E,0.1692,,M,1.177129208,1.035158295,0.432862002,0.932426075,0.907242886,1.035158295,1.03797749,0.888740273,,,-0.363650536,-0.03038559,-0.042276429,0.015006767,0.016187935,-0.051225139
Control,112,F,0.2243,,F,0.999034233,0.913737328,0.738999726,0.675515723,0.988213094,0.913737328,1.336792141,1.126229181,,,-0.131355723,-0.170364538,-0.005149396,-0.039178633,0.126063884,0.051626776
Control,112,G,0.2081,,F,0.969473042,1.370641618,0.919855446,0.598695606,1.39673734,1.370641618,1.969653458,0.712354415,,,-0.036280416,-0.222793929,0.145114744,0.136923915,0.294389823,-0.14730388
Stress,113,A,0.1842,,F,0.774823359,0.768358444,0.698329134,0.850113821,1.198497924,0.768358444,2.179164576,0.614080815,,,-0.155939839,-0.070522923,0.078637286,-0.114436132,0.33829003,-0.211774471
Stress,113,B,0.1938,,F,0.815226405,1.443780475,0.539730979,0.754745029,1.054257592,1.443780475,1.432738342,0.714414749,,,-0.267822654,-0.122199739,0.022946737,0.159501164,0.156166883,-0.146049588
Stress,113,C,0.1779,,F,1.129177813,0.77191723,0.814307578,1.082270595,0.564962655,0.77191723,0.546682522,0.88976758,,,-0.089211524,0.034335859,-0.247980259,-0.112429265,-0.262264811,-0.050723422
Stress,113,D,0.1871,,F,1.294091254,0.995287157,0.807749058,0.850113821,0.989355382,0.995287157,1.391951062,0.943765564,,,-0.09272354,-0.070522923,-0.004647679,-0.0020516,0.143623967,-0.025135873
Stress,113,E,0.1568,,M,0.778412089,1.074142003,0.514168239,0.753003211,0.690746097,1.074142003,0.807821523,0.741319365,,,-0.288894754,-0.123203172,-0.16068156,0.031061699,-0.09268458,-0.129994655
Stress,113,F,0.1495,,F,0.72628416,1.180871023,0.902487633,0.647249831,1.622135209,1.180871023,2.261231172,0.618352085,,,-0.044558741,-0.188928054,0.210087051,0.072202466,0.354344964,-0.20876417
Stress,113,G,0.1609,,F,1.08568533,1.180871023,0.457542945,0.965308009,0.627589916,1.180871023,0.708959518,0.799129068,,,-0.339568137,-0.015334091,-0.202324043,0.072202466,-0.149378563,-0.097383072
Control,116,A,0.2102,,F,0.917177384,0.631352691,1.073244714,1.406777912,0.804535179,0.631352691,0.152172035,1.175412466,,,0.030698758,0.148225541,-0.094454961,-0.199727964,-0.817665152,0.070190292
Control,116,B,0.1998,,M,1.133098034,0.618359641,1.031310723,0.794559917,0.823816015,0.618359641,0.472900473,1.185640886,,,0.013389533,-0.099873347,-0.08416977,-0.208758864,-0.325230252,0.073953167
Control,116,C,0.1801,,F,1.201863195,1.337789752,0.539107817,0.954220501,0.613255743,1.337789752,0.701626506,0.814037468,,,-0.268324371,-0.020351257,-0.212358376,0.126387865,-0.153894013,-0.089355605
Control,116,D,0.1942,,M,0.480277242,0.763051004,0.832378958,1.049033867,1.110513869,0.763051004,0.952929787,0.860452289,,,-0.079678907,0.020789509,0.045523987,-0.117446432,-0.020939098,-0.065273206
Control,116,E,0.2073,,F,0.599544753,1.091655816,0.797549371,0.805186332,0.539449847,1.091655816,0.53481376,0.847626406,,,-0.098242423,-0.094103606,-0.268048926,0.038085733,-0.271797427,-0.071795522
Control,116,F,0.2177,,M,0.666775355,1.037552783,0.699136341,0.636130466,0.939236737,1.037552783,0.467198805,0.798206411,,,-0.155438123,-0.196453804,-0.027224929,0.0160102,-0.330498277,-0.097884788
Control,116,G,0.2272,,M,0.949521575,0.950341585,1.056026277,0.714857665,1.082645363,0.950341585,1.184087058,0.76480672,,,0.023674725,-0.145780422,0.03448622,-0.022120266,0.073383634,-0.116448305
Control,116,H,0.1776,,F,1.105939669,1.433807555,0.836234267,1.140021675,0.53140882,1.433807555,0.575854068,0.815920468,,,-0.07767204,0.056913109,-0.274571242,0.156490864,-0.239687561,-0.088352172
Control,116,I,0.2039,,M,0.915060701,1.127544781,0.842050736,1.086027966,0.642259135,1.127544781,0.358598616,0.860452289,,,-0.07466174,0.035841009,-0.19228971,0.052133799,-0.445391391,-0.065273206
Stress,121,A,0.1522,,M,0.78563949,1.091655816,0.253252029,1.224671303,0.714279561,1.091655816,1.292748673,0.817807824,,,-0.596447066,0.088019541,-0.146131777,0.038085733,0.111514101,-0.087348739
Stress,121,B,0.1707,,M,0.626450615,0.821605683,0.391471468,1.326288461,0.723414328,0.821605683,1.282336736,0.801903443,,,-0.407299886,0.122637991,-0.140612894,-0.085336565,0.108002084,-0.095877922
Stress,121,C,0.1564,,M,0.753635774,1.1619259,1.133129226,1.125626284,1.213825256,1.1619259,2.222384574,0.811221112,,,0.054279441,0.051394226,0.08415617,0.065178432,0.346819214,-0.090860755
Stress,121,D,0.1223,,F,0.63372962,1.231017609,0.423953831,1.454706314,0.681236391,1.231017609,1.593400011,0.633536848,,,-0.372681436,0.162775324,-0.16670216,0.090264265,0.202324816,-0.19822812
Stress,121,E,0.1316,,F,0.688696072,1.205683633,0.701563567,1.019169909,0.694747549,1.205683633,1.292748673,0.750799939,,,-0.153932972,0.008246593,-0.158172977,0.081233365,0.111514101,-0.124475771
Stress,121,F,0.1316,,F,0.644062539,1.066722362,0.25150269,1.511234897,0.637822727,1.066722362,1.011929295,0.725224936,,,-0.599457365,0.179331974,-0.19530001,0.028051399,0.005150169,-0.139527272
Stress,121,G,0.1294,,F,1.088196696,1.384966806,0.197325011,1.895258438,0.445828498,1.384966806,0.97972029,0.983843287,,,-0.704817864,0.277668439,-0.350832174,0.141439365,-0.008897898,-0.007074073
Stress,121,H,0.1505,,F,0.86370229,1.197355368,0.217182395,1.774477877,0.606912628,1.197355368,1.23579704,0.787217267,,,-0.663175382,0.249070589,-0.216873826,0.078223066,0.091947151,-0.103905389
Control,122,A,0.217,,F,0.647045627,0.756031403,0.965030024,0.772386358,0.952347993,0.756031403,0.813440366,1.029183646,,,-0.015459175,-0.112165405,-0.021204329,-0.121460165,-0.08967428,0.012492877
Control,122,B,0.2182,,M,0.842027557,1.016200256,0.667564466,0.534919829,0.97912214,1.016200256,1.036779064,0.843718576,,,-0.175506789,-0.271711303,-0.009163129,0.0069793,0.015686219,-0.073802389
Control,122,C,0.2156,,F,1.336635429,1.112021539,2.002745453,0.769714104,1.345268435,1.112021539,1.307769689,0.913726163,,,0.301625754,-0.113670555,0.128808952,0.046113199,0.116531267,-0.03918394
Control,122,D,0.2113,,M,0.95391945,1.202901128,0.834304385,0.750398017,1.021881148,1.202901128,1.192323035,0.854508711,,,-0.078675474,-0.124708322,0.009400387,0.080229932,0.076393934,-0.068283506
Control,122,E,0.2155,,M,1.19080679,1.156569048,0.795708768,0.723999825,0.684391657,1.156569048,0.591359969,0.966941448,,,-0.099245856,-0.140261539,-0.164695293,0.063171566,-0.228148078,-0.014599823
Control,122,F,0.2304,,M,1.068267304,0.913737328,1.907891419,0.586036023,1.27270149,0.913737328,1.431084133,0.829223996,,,0.280553655,-0.232075688,0.104726553,-0.039178633,0.155665167,-0.081328139
Control,122,G,0.2278,,F,0.001118106,0.000215481,1.260193902,,0.17918984,0.000215481,0.348390009,0.7692372,,,0.100437374,,-0.746686618,-3.666591018,-0.457934308,-0.113939722
Control,122,H,0.1965,,M,1.088196696,1.298204863,0.440937393,0.874013774,0.764661995,1.298204863,0.464507938,0.943765564,,,-0.35562307,-0.058481723,-0.116530494,0.113343232,-0.33300686,-0.025135873
Control,122,I,0.2024,,M,0.701544255,0.911628584,0.739853945,0.662378578,0.99508666,0.911628584,1.039177301,0.96917814,,,-0.130854006,-0.178893722,-0.002139096,-0.040182066,0.016689652,-0.01359639
Control,123,A,0.1853,,M,0.842027557,1.228176638,4.4392,0.828780092,0.882434281,1.228176638,1.400014553,0.863439563,,,0.647304712,-0.08156069,-0.054317629,0.089260832,0.14613255,-0.063768056
Control,123,B,0.1821,,M,0.896229024,1.094180992,0.836234267,1.196699772,0.923101212,1.094180992,1.109909328,0.750799939,,,-0.07767204,0.077985208,-0.034750679,0.039089166,0.045287501,-0.124475771
Control,123,C,0.1859,,F,1.015323419,1.009180848,1.025963259,0.724836706,0.604114566,1.009180848,0.71968716,1.050808982,,,0.011131808,-0.139759822,-0.218880693,0.003969,-0.142856246,0.021523776
Control,123,D,0.2047,,M,0.719602791,0.745622895,1.613632896,1.038183349,1.068974479,0.745622895,1.723620095,0.989542633,,,0.207804739,0.016274059,0.028967337,-0.127480765,0.236441549,-0.00456549
Control,123,E,0.1994,,F,0.791104045,0.876515434,1.107248519,0.880093021,0.828109859,0.876515434,0.717197231,0.834991705,,,0.044245108,-0.055471423,-0.081912045,-0.057240432,-0.144361396,-0.078317839
Control,123,F,0.1992,,M,1.409587159,1.205683633,0.465003152,1.161289703,0.639298114,1.205683633,0.948536475,1.006839534,,,-0.332544103,0.064940575,-0.194296577,0.081233365,-0.022945964,0.00296026
Control,123,G,0.1905,,M,0.834281419,0.612671111,0.638155125,1.665237464,0.807328323,0.612671111,0.558814679,1.130139165,,,-0.195073739,0.221476173,-0.092949811,-0.212772597,-0.252732194,0.053131926
Control,123,H,0.1868,,M,0.908739915,0.716903777,0.745861191,1.428064612,0.907242886,0.716903777,1.02250542,0.991831606,,,-0.12734199,0.154747857,-0.042276429,-0.144539132,0.009665619,-0.003562056
Stress,126,A,0.1395,,M,1.239942042,1.216878166,0.246184596,0.828301509,0.560088771,1.216878166,0.985965103,0.539240379,,,-0.608739125,-0.081811547,-0.251743134,0.085247099,-0.006138456,-0.268217595
Stress,126,B,0.1623,,M,0.774823359,0.652108863,0.608633536,1.000504684,0.924168237,0.652108863,1.270540024,0.592478115,,,-0.215644121,0.000219126,-0.034248962,-0.185679897,0.103988351,-0.227327687
Stress,126,C,0.1767,,F,1.672422495,1.277377313,0.536002785,1.335513526,0.623975264,1.277377313,0.636739494,1.091642477,,,-0.270832954,0.125648291,-0.204832627,0.106319199,-0.196038212,0.038080426
Stress,126,D,0.1618,,M,1.133098034,1.307234592,0.577467797,1.281850419,0.440453232,1.307234592,0.554634202,0.947589272,,,-0.23847223,0.10783735,-0.356100199,0.116353532,-0.255993353,-0.023379865
Stress,126,E,0.1574,,M,1.248566521,1.289237507,0.380986663,1.043594506,0.708936056,1.289237507,0.83101235,0.752102104,,,-0.419090227,0.018531784,-0.149392935,0.110332932,-0.080392522,-0.123723196
Stress,126,F,0.1895,,F,0.641093204,1.15924438,0.562001441,0.733258903,0.814824206,1.15924438,1.082055994,0.668114421,,,-0.250262571,-0.134742655,-0.088936078,0.064174999,0.034249735,-0.175149154
Stress,126,G,0.1685,,F,0.616400251,1.009180848,0.66218783,0.893410173,0.974608072,1.009180848,1.805137196,0.726063233,,,-0.179018805,-0.048949107,-0.011169996,0.003969,0.256510215,-0.139025555
Stress,126,H,0.1803,,M,0.550420466,1.020906965,0.727143697,0.901705309,0.838700378,1.020906965,0.938725436,0.61054397,,,-0.138379756,-0.044935373,-0.076393161,0.008986167,-0.027461414,-0.214283054
Stress,126,I,,,F,1.123971941,1.268553823,0.430866369,0.82495915,1.123417419,1.268553823,1.366458669,0.718553312,,,-0.365657403,-0.083567556,0.050541153,0.103308898,0.1355965,-0.143541004
Stress,127,A,0.142,,F,1.30309237,1.394600012,0.286573888,1.3541566,0.446343837,1.394600012,0.811563089,0.772800056,,,-0.542763384,0.131668891,-0.350330457,0.144449665,-0.090677713,-0.111932855
Stress,127,B,0.1327,,M,1.177129208,1.460556396,0.233848444,1.088540125,0.544458532,1.460556396,0.572537392,0.951428472,,,-0.631065515,0.036844442,-0.264035192,0.164518331,-0.242196145,-0.021623856
Stress,127,C,0.1436,,M,,,,,,,,,,,,,,,,
Stress,127,D,0.1502,,M,0.78201744,1.216878166,0.250632556,1.170718798,0.60972365,1.216878166,2.059235015,0.789950287,,,-0.600962517,0.068452592,-0.214866959,0.085247099,0.313705914,-0.102400239
Stress,127,E,,,F,0.676083192,1.119756261,0.330329808,0.943260344,0.694747549,1.119756261,0.987675131,0.814037468,,,-0.481052235,-0.025368424,-0.158172977,0.049123499,-0.005385881,-0.089355605
Stress,127,F,0.1556,,M,0.699925215,1.170007734,0.440428297,0.740067066,1.610930303,1.170007734,3.395855702,0.489653727,,,-0.356124786,-0.130728922,0.207076751,0.068188733,0.530949228,-0.310110936
Stress,127,G,0.1712,,M,0.588564604,1.138013811,0.583166223,0.747801837,0.495249495,1.138013811,0.842126279,0.494771317,,,-0.234207638,-0.126213472,-0.305175959,0.056147533,-0.07462278,-0.305595485
Control,130,A,0.2256,,M,1.15024354,0.959165318,0.833341116,0.816426314,0.990498991,0.959165318,1.24152085,1.082850271,,,-0.07917719,-0.088083006,-0.004145963,-0.018106533,0.093954017,0.03456841
Control,130,B,0.1906,,F,0.512375247,0.616932576,0.704812981,0.813601694,0.482263683,0.616932576,0.362765331,1.228161631,,,-0.151926106,-0.089588156,-0.316715442,-0.209762297,-0.440374225,0.089255525
Control,130,C,0.2079,,F,0.765923754,0.827320402,0.638892777,1.107567471,0.911444939,0.827320402,0.716369171,0.85747535,,,-0.194572022,0.044370192,-0.040269562,-0.082326266,-0.144863112,-0.066778356
Control,130,D,0.2143,,M,1.129177813,1.18908463,0.796628538,0.974270702,1.181997849,1.18908463,0.866802462,1.016187839,,,-0.09874414,-0.011320357,0.072616686,0.075212765,-0.062079864,0.006973993
Control,130,E,0.1734,,F,0.527998604,0.899077924,1.014179066,0.82305529,0.960080586,0.899077924,1.307769689,0.618352085,,,0.006114642,-0.084570989,-0.017692312,-0.046202666,0.116531267,-0.20876417
Control,130,F,0.1997,,F,0.699925215,0.882612081,1.022413696,0.806117057,0.942497531,0.882612081,1.298736264,0.888740273,,,0.009626659,-0.093601889,-0.025719779,-0.054230132,0.113520967,-0.051225139
Control,130,G,0.1988,,F,0.78563949,0.920092874,1.093266964,0.380436592,1.804035103,0.920092874,1.388738685,0.777276841,,,0.038726225,-0.419717717,0.256244984,-0.036168333,0.142620533,-0.109424272
Control,130,H,0.1986,,M,0.828518617,3.062800502,0.395334491,0.650623387,0.384768005,3.062800502,0.222921627,0.553760391,,,-0.403035294,-0.18667033,-0.414801048,0.48611871,-0.651847796,-0.256678111
Control,130,I,0.1862,,F,1.046282681,1.228176638,0.463394363,0.66467819,0.583536206,1.228176638,0.687187242,1.126229181,,,-0.334049254,-0.177388571,-0.233932193,0.089260832,-0.162924912,0.051626776
Control,136,A,0.1762,23,M,0.869709815,1.180871023,0.567219512,0.948724596,0.631955149,1.180871023,0.801315242,0.829223996,,,-0.246248838,-0.02285984,-0.199313743,0.072202466,-0.096196596,-0.081328139
Control,136,B,0.1713,23,F,2.704332769,2.394710736,0.307852758,1.867007757,0.689151977,2.394710736,0.704876212,0.63061604,,,-0.511656951,0.271146122,-0.161684994,0.379253061,-0.151887146,-0.200234987
Control,136,C,,22,M,1.134407797,0.880575168,0.656096108,1.381013977,0.62541862,0.880575168,0.754595372,1.375383335,,,-0.183032538,0.140198074,-0.203829193,-0.055233566,-0.122285863,0.138423758
Control,136,D,0.1406,,F,0.900380065,1.1619259,0.526794578,0.852080272,0.893719543,1.1619259,1.165090339,0.8084145,,,-0.278358704,-0.06951949,-0.048798745,0.065178432,0.066359601,-0.092365905
Control,136,E,0.1577,22,F,0.704793579,1.064260556,0.519542041,1.027445062,0.816709026,1.064260556,1.369619509,0.349452217,,,-0.284379304,0.011758609,-0.087932645,0.027047966,0.136599934,-0.4566122
Control,136,F,0.1613,22,F,0.881850511,0.936175814,0.590283151,1.310297662,0.832426084,0.936175814,1.010177273,1.18153888,,,-0.228939613,0.117369966,-0.07965432,-0.028642583,0.004397594,0.072448017
Stress,137,A,,23,F,1.33355071,0.690087592,1.208160731,0.581651905,0.031731527,0.690087592,0.509189705,1.486926948,,,0.082124716,-0.235336845,-1.498509028,-0.161095781,-0.293120386,0.172289632
Stress,137,B,0.2733,23,F,1.227116895,0.954743258,1.332047689,0.327007264,1.202658808,0.954743258,1.053683676,1.008003353,,,0.124519773,-0.4854426,0.080142436,-0.0201134,0.022710252,0.003461977
Stress,137,C,0.2918,23,M,0.851811445,0.892867539,2.073372118,0.283036743,1.342163793,0.892867539,1.03797749,0.901146625,,,0.316677254,-0.548157182,0.127805519,-0.049212966,0.016187935,-0.045204539
Stress,137,D,0.2612,23,F,0.951717972,0.915850951,1.896902773,0.494506454,1.391101232,0.915850951,0.458642459,0.903231123,,,0.278045071,-0.305828036,0.143358735,-0.038175199,-0.338525743,-0.044201106
Stress,137,E,0.2687,22,F,0.985280234,0.670442138,2.168923348,0.525123229,1.568690505,0.670442138,0.565961239,1.003356134,,,0.336244204,-0.27973877,0.195537268,-0.173638698,-0.247213311,0.00145511
Stress,137,F,0.2721,23,F,0.823746701,0.820657075,2.57334651,0.388879365,1.712646511,0.820657075,1.707763847,0.859458829,,,0.410498269,-0.410185101,0.233667734,-0.085838282,0.232427815,-0.065774923
Stress,137,G,0.2522,23,F,0.57379449,0.664274482,2.214497038,0.533685328,1.268298277,0.664274482,1.264682427,0.951428472,,,0.345275104,-0.272714737,0.103221402,-0.177652431,0.101981484,-0.021623856
Stress,137,H,0.3013,23,M,0.41139781,0.514003967,3.360429726,0.297108391,1.510012763,0.514003967,1.057341801,0.974792532,,,0.526394818,-0.527085083,0.178980618,-0.289033529,0.024215402,-0.011087807
Stress,139,A,0.1886,22,F,0.556816044,0.675105432,0.476422152,0.881110331,0.587595021,0.675105432,0.662247237,0.861446897,,,-0.322008054,-0.054969707,-0.230921893,-0.170628398,-0.178979845,-0.064771489
Stress,139,B,0.153,22,F,0.883890374,1.410804484,0.614994637,0.86998429,0.677312759,1.410804484,0.684809754,0.770126371,,,-0.211128671,-0.06048859,-0.169210743,0.149466831,-0.164430062,-0.113438005
Stress,139,C,0.146,22,F,1.144940548,1.074142003,0.348358757,2.172055933,0.327877182,1.074142003,0.253567513,1.280316449,,,-0.457973268,0.336871005,-0.484288806,0.031061699,-0.595906389,0.107317325
Stress,139,D,0.1663,23,M,1.139662004,1.067955401,0.471766779,1.096744842,0.879889388,1.067955401,0.91252869,0.957492951,,,-0.326272645,0.040105601,-0.05557192,0.028553116,-0.039753472,-0.018864415
Stress,139,E,0.1782,23,F,0.826606542,0.566383601,0.758898615,1.256195716,1.065276109,0.566383601,0.017222541,1.253967917,,,-0.11981624,0.099057308,0.027462187,-0.24688933,-1.763902773,0.098286425
Stress,139,F,0.1266,21,F,1.098300386,1.245321345,0.210512684,0.915349489,0.310190716,1.245321345,0.46023475,0.682941434,,,-0.676721732,-0.038413057,-0.508371205,0.095281432,-0.337020593,-0.165616538
Stress,139,G,0.156,22,F,0.687106683,0.990698564,0.519542041,1.051460452,1.065276109,0.990698564,1.050038207,0.782683229,,,-0.284379304,0.021792942,0.027462187,-0.004058467,0.021205102,-0.106413972
Stress,139,H,0.1416,22,F,0.926763215,1.081613252,0.301343127,1.153934435,0.64859692,1.081613252,0.814851173,0.825877915,,,-0.520938709,0.062181133,-0.188025118,0.034072,-0.088921705,-0.083084147
Stress,147,A,0.0331,15,F,0.859720345,1.572635942,0.429375685,0.525123229,0.506825404,1.572635942,0.306815192,0.380200878,,,-0.367162553,-0.27973877,-0.295141625,0.196628197,-0.51312314,-0.419986885
Stress,147,B,,14,F,1.288125078,1.214069826,0.093340418,1.091058094,0.562357996,1.214069826,1.141113127,0.558579205,,,-1.029930259,0.037847875,-0.249987125,0.084243665,0.057328701,-0.252915236
Stress,147,C,0.0462,15,M,1.479667158,1.598277665,0.071148594,0.645010516,0.217822881,1.598277665,0.252107071,0.493629472,,,-1.147833678,-0.190433205,-0.661896502,0.20365223,-0.598414973,-0.306598919
Stress,147,D,0.0308,15,F,0.566549017,1.474117372,1.650396196,0.579639542,0.315066312,1.474117372,0.462099411,0.413416279,,,0.217588214,-0.236841995,-0.501598031,0.168532064,-0.335264585,-0.383612426
Stress,147,E,0.0381,15,F,1.131789784,1.547405599,0.050542672,0.754745029,0.140914705,1.547405599,0.301196134,0.512219389,,,-1.296341802,-0.122199739,-0.851043684,0.189604164,-0.521150607,-0.290543986
Stress,147,F,,15,M,0.204514167,0.405147197,0.459396701,0.707055118,0.620023188,0.405147197,0.467468748,0.450313126,,,-0.337812128,-0.15054673,-0.207592068,-0.392387161,-0.330247418,-0.346485394
Stress,148,A,0.1386,23,F,0.949521575,1.178145781,0.40062168,0.862977343,0.481706872,1.178145781,0.690370069,1.033950489,,,-0.397265552,-0.064000606,-0.317217158,0.071199032,-0.160918046,0.014499743
Stress,148,B,0.1417,23,M,1.419391613,1.15924438,0.838168612,1.112697363,0.630496708,1.15924438,1.184087058,0.819699546,,,-0.076668607,0.046377059,-0.200317177,0.064174999,0.073383634,-0.086345305
Stress,148,C,0.1385,22,M,1.328936975,0.888751133,0.606177581,1.673916915,0.505947903,0.888751133,0.64005827,1.250351541,,,-0.21740013,0.223733898,-0.2958942,-0.051219833,-0.193780487,0.097032134
Stress,148,D,0.1091,22,NA,1.041458982,1.356464601,0.405745144,1.998699046,0.268481405,1.356464601,0.281350771,0.766575841,,,-0.391746669,0.300747405,-0.571085788,0.132408465,-0.55075189,-0.115444872
Stress,148,E,0.1364,23,M,0.791104045,0.943777096,0.273948967,1.989484402,0.470161206,0.943777096,0.452851044,1.054457126,,,-0.562330333,0.298740539,-0.327753208,-0.025130567,-0.344044627,0.023028926
Stress,148,F,0.1238,23,F,1.472845417,1.310258437,0.524365885,1.07728098,0.53882701,1.310258437,0.958450053,0.688486579,,,-0.280365571,0.032328992,-0.268550642,0.117356965,-0.018430514,-0.162104521
Stress,148,G,0.125,22,F,0.890038318,1.183602569,0.515357593,0.839379182,0.545087879,1.183602569,0.851911315,0.78177956,,,-0.287891321,-0.076041806,-0.263533475,0.073205899,-0.069605613,-0.106915689
Stress,148,H,0.1172,23,F,0.828518617,1.138013811,0.227979984,1.162632053,0.372736346,1.138013811,0.565961239,0.801903443,,,-0.642103281,0.065442292,-0.428598257,0.056147533,-0.247213311,-0.095877922
Stress,148,I,0.1471,23,F,0.743260247,1.114593825,0.469863108,0.927055696,0.842584965,1.114593825,1.158379913,0.794526423,,,-0.328028653,-0.032894173,-0.074386295,0.047116633,0.063851018,-0.099891655
Control,149,A,0.1643,23,F,1.199089507,0.905331505,0.454382465,1.615963473,0.493536062,0.905331505,0.753724132,1.356448027,,,-0.342578437,0.20843154,-0.306681109,-0.043192366,-0.12278758,0.132403158
Control,149,B,0.183,23,F,1.267459241,1.074142003,0.484749865,1.182954503,0.617521274,1.074142003,0.948536475,1.253967917,,,-0.314482303,0.072968042,-0.209348076,0.031061699,-0.022945964,0.098286425
Control,149,C,,23,F,1.227116895,1.081613252,1.009503375,1.067370656,1.25083724,1.081613252,1.772077652,1.063018794,,,0.004107775,0.028315259,0.097200803,0.034072,0.248482749,0.026540943
Control,149,D,0.1985,23,F,1.380578275,0.274178003,1.37902225,1.991784072,1.426909738,0.274178003,1.03319208,2.113792513,,,0.139571273,0.299242255,0.154396502,-0.561967391,0.014181068,0.325062355
Control,149,E,0.2118,23,M,2.851931546,0.808424378,1.34908296,1.723961936,1.045766488,0.808424378,0.788459464,1.089123159,,,0.130038657,0.236527673,0.019434721,-0.092360599,-0.10322063,0.037076993
Control,149,F1,0.1917,23,F,1.231377136,0.799138832,1.071386533,1.972321294,1.447664618,0.799138832,1.956048068,1.209156042,,,0.029946183,0.294977664,0.16066796,-0.097377765,0.291379523,0.08248235
Control,149,F2,,,F,1.117498339,0.866447795,2.175196498,0.822580012,0.972920668,0.866447795,1.550723879,1.006258128,,,0.337498495,-0.084821848,-0.011922571,-0.062257599,0.190534474,0.002709401
Control,149,G,0.1791,23,M,1.060888243,0.99299021,1.33358742,0.839379182,0.777129757,0.99299021,0.834379234,0.947042081,,,0.12502149,-0.076041806,-0.109506461,-0.003055033,-0.078636513,-0.023630723
Control,149,H,0.1835,23,F,2.216995774,1.135387476,0.908764931,0.775067889,0.877351834,1.135387476,1.280856178,0.846647755,,,-0.041548441,-0.110660256,-0.056826212,0.055144099,0.107500367,-0.072297239
Stress,154,A,0.084,19,M,0.920361594,1.414067903,2.9577,0.895994173,0.94195328,1.414067903,2.123251335,0.656257436,,,0.470954121,-0.047694815,-0.025970637,0.150470265,0.327001406,-0.182925763
Stress,154,B,0.0555,18,F,0.687106683,1.359602323,0.225882707,0.927055696,0.321500765,1.359602323,0.419121903,0.557934282,,,-0.646117016,-0.032894173,-0.492817989,0.133411898,-0.377659643,-0.253416953
Stress,154,C,0.0907,20,F,1.15024354,1.316327128,0.358152454,1.083521606,0.340224925,1.316327128,0.541027997,0.561166362,,,-0.445932069,0.034837576,-0.468233873,0.119363832,-0.266780261,-0.25090837
Stress,154,D,0.0751,19,M,0.967235669,1.049608566,0.182206425,1.050246459,0.185080834,1.049608566,0.193728551,0.65739563,,,-0.739436313,0.021291226,-0.732638552,0.021027366,-0.71280637,-0.182173187
Stress,154,E,0.0691,19,F,1.142298227,1.156569048,0.693505422,1.07728098,0.817653071,1.156569048,0.657672761,0.726063233,,,-0.158950139,0.032328992,-0.087430928,0.063171566,-0.181990145,-0.139025555
Stress,154,F,0.0733,19,F,1.439205582,1.576273704,0.080603096,0.73072202,0.325236424,1.576273704,0.49042638,0.513404236,,,-1.093648276,-0.136247805,-0.487800823,0.197631631,-0.309426177,-0.289540552
Stress,154,G,0.075,19,M,0.559395035,0.880575168,0.311789821,1.13214697,0.313070775,0.880575168,0.432401018,0.687691668,,,-0.506138067,0.053902809,-0.504357472,-0.055233566,-0.364113292,-0.162606237
Stress,154,H,0.0782,19,F,1.361571446,1.64701238,0.42297542,1.017993198,0.463688358,1.64701238,1.124103719,0.509269223,,,-0.37368487,0.007744876,-0.333773808,0.216696864,0.050806385,-0.293052569
Stress,154,I,0.0819,19,M,0.493779673,1.283293709,0.273001175,0.82495915,0.414533541,1.283293709,0.774914202,0.462705805,,,-0.563835484,-0.083567556,-0.382440324,0.108326065,-0.11074638,-0.334695052
Control,155,A,0.295,23,F,1.25290123,0.692483403,1.56950802,0.818314841,1.046975303,0.692483403,0.11178319,1.517293768,,,0.195763539,-0.087079572,0.019936437,-0.159590631,-0.951623501,0.181069674
Control,155,B,0.3208,23,F,1.297084696,0.624100987,2.915302792,0.631736392,1.161691834,0.624100987,0.203830496,1.666129383,,,0.464683669,-0.199464104,0.065090937,-0.204745131,-0.690730839,0.221708723
Control,155,C,0.3286,23,F,1.003661435,0.764816065,2.26887805,0.390680527,1.345268435,0.764816065,0.234410401,1.205668901,,,0.355811154,-0.408178235,0.128808952,-0.116442998,-0.630023122,0.081228059
Control,155,D,0.3408,23,M,0.393728401,1.976824413,2.348889861,1.76833865,5.861327341,1.976824413,5.255307408,1.99976957,,,0.370862653,0.247565439,0.767995976,0.295968096,0.720598125,0.300979956
Control,155,E,0.342,23,F,1.324339203,0.632813112,2.176453304,0.286325471,2.35309692,0.632813112,0.362765331,1.23670417,,,0.337749354,-0.543140016,0.371639815,-0.198724531,-0.440374225,0.092265825
Control,155,F,0.3325,23,M,0.734723175,0.611257175,2.311205807,0.277211931,2.205685979,0.611257175,1.254496539,0.963596085,,,0.36383862,-0.557188082,0.343543682,-0.21377603,0.098469467,-0.016104973
Control,156,A,0.1661,23,NA,0.644062539,0.756031403,0.387870171,1.226086917,0.928448683,0.756031403,0.514808754,1.038739411,,,-0.411313618,0.088521258,-0.032242095,-0.121460165,-0.288354077,0.01650661
Control,156,B,0.1752,22,M,1.039055479,0.784503288,0.469320614,1.134765809,0.952347993,0.784503288,0.808755295,0.997577228,,,-0.32853037,0.054906242,-0.021204329,-0.105405232,-0.092182863,-0.001053473
Control,156,C,0.1625,22,M,0.815226405,1.09671201,0.392830559,1.221844978,0.739468575,1.09671201,1.079558799,0.766575841,,,-0.405794735,0.087016108,-0.131080277,0.040092599,0.033246301,-0.115444872
Control,156,D,0.1194,22,M,0.765923754,1.047186255,0.435369546,1.050246459,0.705260141,1.047186255,1.046405351,0.744752915,,,-0.361141953,0.021291226,-0.15165066,0.020023933,0.019699952,-0.127987788
Control,156,E,0.1478,22,F,0.855756759,0.952539879,0.319077563,2.071574811,0.737762012,0.952539879,1.512681746,1.394582971,,,-0.496103734,0.316300622,-0.132083711,-0.021116833,0.179747566,0.144444358
Control,156,F,0.1622,22,F,0.962776402,0.866447795,0.421025368,1.312570203,0.739468575,0.866447795,0.984258035,1.02089449,,,-0.375691736,0.118122541,-0.131080277,-0.062257599,-0.006891031,0.00898086
Control,156,G,0.1305,22,F,0.739833579,1.15924438,0.261577871,1.31408742,0.685182754,1.15924438,0.902568598,0.775483023,,,-0.582398999,0.118624258,-0.164193577,0.064174999,-0.04451978,-0.110427705
Control,156,H,0.1715,22,F,0.338041596,0.650603911,0.62285967,1.154601166,1.032561284,0.650603911,1.184087058,0.77101657,,,-0.205609789,0.062431992,0.013915837,-0.18668333,0.073383634,-0.112936288
Stress,157,A,0.2595,23,M,0.709695806,0.766585208,1.178522308,0.491090648,1.525794581,0.766585208,1.532027107,0.966941448,,,0.071337808,-0.308838336,0.183496068,-0.115439565,0.18526645,-0.014599823
Stress,157,B,0.223,23,F,0.929980704,0.705402242,0.967262295,1.256195716,1.17654846,0.705402242,1.363305123,1.453804998,,,-0.014455741,0.099057308,0.07060982,-0.151563164,0.134593067,0.162506158
Stress,157,C,0.2665,23,F,1.160923322,0.858477007,0.972865589,0.722328962,0.599941642,0.858477007,0.417189617,1.320880944,,,-0.011947158,-0.141264972,-0.221890993,-0.066271332,-0.379666509,0.120863675
Stress,157,D,0.2788,23,M,1.270391079,0.835001908,1.218674126,0.460326027,1.448501064,0.835001908,1.573279677,1.137999905,,,0.085887591,-0.336934469,0.160918819,-0.078312532,0.196805933,0.056142226
Stress,157,E,0.2424,23,F,0.60932029,0.764816065,1.403127134,0.442084662,1.147022807,0.764816065,1.089582288,0.977047385,,,0.147097023,-0.354494553,0.059572053,-0.116442998,0.037260035,-0.010084373
Stress,157,F,,23,M,1.25290123,0.812168737,1.046311483,0.586036023,1.105394044,0.812168737,0.878902574,1.362730652,,,0.019660992,-0.232075688,0.04351712,-0.090353732,-0.056059264,0.134410025
Stress,157,G,0.2599,23,F,0.719602791,0.702150111,1.395045716,0.513129398,1.106671783,0.702150111,0.560107308,0.984980524,,,0.14458844,-0.289773103,0.044018837,-0.153570031,-0.251728761,-0.006572357