DamID,PlacentaID,PhotoID,LZ_void_area_px,LZ_tissue_area_px,LZ_total_area_px,LZ_total_area_mm2,JZ_void_area_px,JZ_tissue_area_px,JZ_total_area_px,JZ_total_area_mm2,fetal_placenta_total_area_mm2,pct_void_LZ,pct_tissue_LZ,pct_void_JZ,pct_tissue_LZ,LZ_perimeter_px,LZ_perimeter_mm,JZ_perimeter_px,JZ_perimenter_mm,LZ_JZ_junction_px,LZ_JZ_junction_mm,,,,,,,,,
112,A,1,299954.75,1588744.125,1888698.875,1.482621062,327389.875,1059701.875,1387091.75,1.088861475,2.571482537,15.88155497,84.11844503,23.60261136,76.39738864,17000.125,30.1242215,32888.75,58.278865,5430,9.62196,,,,,,,,,
112,A,2,260135.125,1624561.375,1884696.5,1.479479214,370521.625,1358491.5,1729013.125,1.357268387,2.836747601,13.80249419,86.19750581,21.42965948,78.57034052,16467.625,29.1806315,31727.5,56.22113,5447,9.652084,,,,,,,,,
112,A,3,294083.25,1685283.625,1979366.875,1.553795079,358694.75,1180147.375,1538842.125,1.207984913,2.761779992,14.85744021,85.14255979,23.30939244,76.69060756,16939.625,30.0170155,30172.5,53.46567,5832,10.334304,,,,,,,,,
112,A,4,201454.125,1970195.125,2171649.25,1.704735975,256522.125,1331782.5,1588304.625,1.246812777,2.951548752,9.276549839,90.72345016,16.15068803,83.84931197,20224,35.836928,33938.25,60.138579,6559.75,11.623877,,,,,,,,,
112,B,1,248809.625,1935524.625,2184334.25,1.714693649,165243.5,840189.625,1005433.125,0.789260981,2.50395463,11.39063882,88.60936118,16.43505628,83.56494372,19088.25,33.824379,27553,48.823916,7110.75,12.600249,,,,,,,,,
112,B,2,228990,1945700,2174690,1.707122951,249880,1035600,1285480,1.009096658,2.716219609,10.53,89.47,19.438,80.562,18404,32.611888,34504.75,61.142417,7842.9,13.8976188,,,,,,,,,
112,B,3,358871.5,1940516,2299387.5,1.80500999,190127.625,721266.75,911394.375,0.715440939,2.520450929,15.60726498,84.39273502,20.86118043,79.13881957,20041.25,35.513095,29431.5,52.152618,6292.25,11.149867,,,,,,,,,
112,B,4,394250,1918100,2312350,1.815185501,247240,804160,1051400,0.825344794,2.640530295,17.05,82.95,23.515,76.485,19068,33.788496,23688.25,41.975579,6216,11.014752,,,,,,,,,
112,C,1,307560.75,1875615.875,2183176.625,1.713784918,356570,1008500,1365070,1.07157449,2.785359408,14.08776305,85.91223695,26.121,73.879,20344.625,36.0506755,28456,50.424032,6987,12.380964,,,,,,,,,
112,C,2,222363.25,1774963,1997326.25,1.567893117,275870,1230300,1506170,1.182337425,2.750230542,11.13304599,88.86695401,18.316,81.684,15490.125,27.4485015,26660,47.24152,5962.25,10.565107,,,,,,,,,
112,C,3,396821.125,1869464.375,2266285.5,1.779025052,373870.25,1117642.375,1491512.625,1.170831445,2.949856497,17.50975881,82.49024119,25.06651595,74.93348405,22566.625,39.9880595,26415.5,46.808266,7647.25,13.550927,,,,,,,,,
112,C,4,240525.25,1811962.125,2052487.375,1.611194379,244900,873370,1118270,0.877837477,2.489031856,11.71872007,88.28127993,21.9,78.1,17203.75,30.485045,27556.5,48.830118,6803.5,12.055802,,,,,,,,,
112,E,1,284970,891490,1176460,0.923516394,506540,1148500,1655040,1.29919978,2.222716174,24.223,75.777,30.606,69.394,17108,30.315376,28101.75,49.796301,6370.5,11.288526,,,,,,,,,
112,E,2,454309.375,1345032.75,1799342.125,1.412476371,473420,1187100,1660520,1.303501558,2.715977929,25.24863775,74.75136225,28.511,71.489,21634.25,38.335891,30466,53.985752,8663.75,15.352165,,,,,,,,,
112,E,3,438470,1521200,1959670,1.538333111,470300,1122600,1592900,1.250420128,2.78875324,22.375,77.625,29.525,70.475,23322,41.326584,30415.75,53.896709,7627,13.515044,,,,,,,,,
112,E,4,461130,1455800,1916930,1.504782382,505330,1099700,1605030,1.25994213,2.764724512,24.056,75.944,31.484,68.516,20265,35.90958,36233,64.204876,7731,13.699332,,,,,,,,,
112,F,1,739770,2304200,3043970,2.389504274,503690,1093700,1597390,1.25394476,3.643449035,24.3,75.7,31.53,68.47,38214,67.715208,36952.5,65.47983,7980,14.14056,,,,,,,,,
112,F,2,790000,2690000,3480000,2.73178608,612000,1300000,1912000,1.500912352,4.232698432,22.69,77.31,31.95,68.05,38423,68.085556,33474.75,59.317257,9127.8,16.1744616,,,,,,,,,
112,F,3,915930,2519500,3435430,2.696798808,585230,1128900,1714130,1.345585193,4.042384002,26.662,73.338,34.141,65.859,43596,77.252112,32546,57.671512,9732.9,17.2466988,,,,,,,,,
112,F,4,909540,2463100,3372640,2.647508909,635120,1231900,1867020,1.465603232,4.113112141,26.968,73.032,34.019,65.981,41988,74.402736,33312,59.028864,8170.5,14.478126,,,,,,,,,
112,G,1,407471.625,1662309.875,2069781.5,1.624770198,256768.25,745748.25,1002516.5,0.786971442,2.411741641,19.68669761,80.31330239,25.61237147,74.38762853,16926,29.992872,19989,35.420508,5024.375,8.9031925,,,,,,,,,
112,G,2,414295.125,1746268.375,2160563.5,1.696033705,183268.25,647912.125,831180.375,0.65247327,2.348506975,19.17532741,80.82467259,22.04915509,77.95084491,17497.875,31.0062345,17948,31.803856,5164.5,9.151494,,,,,,,,,
112,G,3,544958.5,1593185.125,2138143.625,1.678434193,184746.875,573772,758518.875,0.595434283,2.273868476,25.48745995,74.51254005,24.35626602,75.64373398,17695.5,31.356426,18166,32.190152,4550.75,8.063929,,,,,,,,,
112,G,4,498260,1649800,2148060,1.686218508,226820,654210,881030,0.691605026,2.377823534,23.195,76.805,25.745,74.255,17222,30.517384,16681.25,29.559175,4740.8,8.4006976,,,,,,,,,
116,A,1,489470,2009700,2499170,1.961838453,236970,727720,964690,0.757277791,2.719116245,19.586,80.414,24.564,75.436,21016,37.240352,23792.25,42.159867,5917.3,10.4854556,,,,,,,,,
116,A,2,482150,1995400,2477550,1.94486684,252590,780450,1033040,0.810932268,2.755799108,19.461,80.539,24.451,75.549,19845,35.16534,21860.75,38.737249,5576.5,9.881558,,,,,,,,,
116,A,3,482460,2087400,2569860,2.017329821,135730,618200,753930,0.591832034,2.609161855,18.774,81.226,18.003,81.997,22712,40.245664,24452.5,43.32983,6102.3,10.8132756,,,,,,,,,
116,A,4,426400,1758400,2184800,1.715059261,229260,749250,978510,0.768126436,2.483185697,19.517,80.483,23.43,76.57,22842,40.476024,23938.75,42.419465,6360.5,11.270806,,,,,,,,,
116,E,1,556700,3039931.875,3596631.875,2.823341635,539330,1342700,1882030,1.477386022,4.300727657,15.4783703,84.5216297,28.657,71.343,23760,42.10272,33236.25,58.894635,7938.3,14.0666676,,,,,,,,,
116,E,2,468312.125,3172050.125,3640362.25,2.857669805,464420,1346600,1811020,1.421643456,4.279313261,12.86443746,87.13556254,25.644,74.356,23992.125,42.5140455,31420.5,55.677126,8181.3,14.4972636,,,,,,,,,
116,E,3,453270.625,3103179,3556449.625,2.79179873,421700,1108400,1530100,1.20112238,3.992921109,12.7450315,87.2549685,27.56,72.44,22159.5,39.266634,30759.25,54.505391,8252.5,14.62343,,,,,,,,,
116,E,4,483136.125,3021500,3504636.125,2.75112534,436870,1204000,1640870,1.288076387,4.039201726,13.78562874,86.21437126,26.623,73.377,25288.875,44.8118865,34975.25,61.976143,10167,18.015924,,,,,,,,,
116,F,1,199480.5,2463881.25,2663361.75,2.09072832,282670,1063400,1346070,1.056659566,3.147387886,7.489801188,92.51019881,21,79,19523.375,34.5954205,29015.75,51.415909,6879.8,12.1910056,,,,,,,,,
116,F,2,229635.375,2330405.625,2560041,2.009621945,313420,1062300,1375720,1.079934697,3.089556642,8.969988176,91.03001182,22.782,77.218,21323.625,37.7854635,33597.5,59.53477,7766.125,13.7615735,,,,,,,,,
116,F,3,373276.125,2419091.5,2792367.625,2.191997416,498150,1138300,1636450,1.284606704,3.47660412,13.36772858,86.63227142,30.44,69.56,21358.375,37.8470405,29591.75,52.436581,7722.3,13.6839156,,,,,,,,,
116,F,4,360350.75,2448508.75,2808859.5,2.204943472,395630,1097200,1492830,1.171865579,3.376809051,12.82907707,87.17092293,26.502,73.498,27044,47.921968,31841.75,56.423581,8573.3,15.1918876,,,,,,,,,
116,G,1,348820,2118400,2467220,1.936757831,403270,1372600,1775870,1.394050847,3.330808678,14.138,85.862,22.709,77.291,21051,37.302372,21900,38.8068,5110,9.05492,,,,,,,,,
116,G,2,244010.125,1829025,2073035.125,1.627324281,415982.125,1637251.5,2053233.625,1.611780183,3.239104464,11.77067007,88.22932993,20.25985353,79.74014647,17754.25,31.460531,25847.5,45.80177,6630,11.74836,,,,,,,,,
116,G,3,130068.125,1256550.5,1386618.625,1.088490074,358185.25,1718994.5,2077179.75,1.630577795,2.719067869,9.380237843,90.61976216,17.24382543,82.75617457,19166,33.962152,20961.25,37.143335,5146,9.118712,,,,,,,,,
116,G,4,366605,1899621.625,2266226.625,1.778978836,439256.875,1778704.125,2217961,1.741090513,3.520069349,16.17689052,83.82310948,19.80453556,80.19546444,28930.25,51.264403,20039,35.509108,5724.75,10.144257,,,,,,,,,
116,H,1,306480,2069400,2375880,1.865056296,452550,1114600,1567150,1.230206481,3.095262778,12.9,87.1,28.878,71.122,20036,35.503792,24215.75,42.910309,6598.1,11.6918332,,,,,,,,,
116,H,2,395090,2175000,2570090,2.01751037,433090,1040500,1473590,1.156762256,3.174272625,15.373,84.627,29.391,70.609,21244,37.644368,25101,44.478972,6583.5,11.665962,,,,,,,,,
116,H,3,390610,2335700,2726310,2.140142445,434410,1118600,1553010,1.219106638,3.359249083,14.327,85.673,27.972,72.028,19426,34.422872,21550,38.1866,5255.3,9.3123916,,,,,,,,,
116,H,4,394450,2263000,2657450,2.08608762,462060,1133300,1595360,1.252351219,3.338438839,14.843,85.157,28.962,71.038,18506,32.792632,20815.5,36.885066,5464,9.682208,,,,,,,,,
116,I,1,245450,1939900,2185350,1.715491009,374330,946850,1321180,1.037121015,2.752612024,11.232,88.768,28.333,71.667,17183,30.448276,25938.25,45.962579,6276.5,11.121958,,,,,,,,,
116,I,2,190340,1720700,1911040,1.500158756,417190,1028600,1445790,1.134939367,2.635098123,9.96,90.04,28.855,71.145,18799,33.311828,31565.5,55.934066,7663.1,13.5790132,,,,,,,,,
116,I,3,213130,1797700,2010830,1.578493507,289970,748910,1038880,0.815516644,2.394010151,10.599,89.401,27.912,72.088,17702,31.367944,29590.75,52.434809,6397.5,11.33637,,,,,,,,,
116,I,4,228570,1814700,2043270,1.603958777,504930,1017200,1522130,1.194865961,2.798824738,11.187,88.813,33.173,66.827,18484,32.753648,28563.75,50.614965,6605.8,11.7054776,,,,,,,,,
121,A,1,398921.25,2255109.375,2654030.625,2.083403425,227340,564740,792080,0.621779632,2.705183056,15.03077042,84.96922958,28.702,71.298,21522.875,38.1385345,32878.75,58.261145,7740.375,13.7159445,,,,,,,,,
121,A,2,337250,1870000,2207250,1.732682421,227340,892090,1119430,0.878748072,2.611430493,15.279,84.721,28.391,71.609,18912,33.512064,28370,50.27164,6631,11.750132,,,,,,,,,
121,A,3,421570,1925900,2347470,1.84275456,502630,944100,1446730,1.135677263,2.978431823,17.959,82.041,34.743,65.257,20406,36.159432,26532.75,47.016033,6697.9,11.8686788,,,,,,,,,
121,A,4,314940,1933600,2248540,1.765094906,389190,1069900,1459090,1.145379814,2.910474719,14.006,85.994,26.673,73.327,27556,48.829232,30267,53.633124,7507.5,13.30329,,,,,,,,,
121,B,1,217000,1875200,2092200,1.642368631,350838.375,1205317.25,1556155.625,1.221575941,2.863944572,10.372,89.628,22.54519852,77.45480148,27361,48.483692,28834.25,51.094291,8670.75,15.364569,,,,,,,,,
121,B,2,286890,1973500,2260390,1.774397108,427842.375,1513637.375,1941479.75,1.524053838,3.298450946,12.692,87.308,22.03692184,77.96307816,28380,50.28936,36084.25,63.941291,9339.875,16.5502585,,,,,,,,,
121,B,3,223632.625,3036097.375,3259730,2.558875011,330770,1477700,1808470,1.419641716,3.978516727,6.86046467,93.13953533,18.29,81.71,21507,38.110404,34566.75,61.252281,8613.9,15.2638308,,,,,,,,,
121,B,4,374381,2180306.5,2554687.5,2.005419469,446524,1563105.75,2009629.75,1.577551315,3.582970784,14.65466911,85.34533089,22.21921725,77.78078275,28905.125,51.2198815,31476.5,55.776358,10074,17.851128,,,,,,,,,
121,C,1,577160,2478500,3055660,2.398680877,615390,1206500,1821890,1.430176362,3.82885724,18.888,81.112,33.777,66.223,27931,49.493732,42921,76.056012,9412,16.678064,,,,,,,,,
121,C,2,430700,2382200,2812900,2.208115248,625870,1364200,1990070,1.56219699,3.770312238,15.311,84.689,31.449,68.551,24479,43.376788,32409.25,57.429191,8412,14.906064,,,,,,,,,
121,C,3,336860,2286400,2623260,2.059248607,535370,1312000,1847370,1.450178061,3.509426667,12.841,87.159,28.979,71.021,27268,48.318896,40574,71.897128,9383.4,16.6273848,,,,,,,,,
121,C,4,293700,2343000,2636700,2.069798953,479490,1457400,1936890,1.520450902,3.590249856,11.139,88.861,24.755,75.245,28202,49.973944,40486,71.741192,10564,18.719408,,,,,,,,,
121,D,1,228800,1849800,2078600,1.631692686,154540,808040,962580,0.75562145,2.387314135,11.007,88.993,16.055,83.945,21358,37.846376,28240.5,50.042166,6586.4,11.6711008,,,,,,,,,
121,D,2,329990,1854400,2184390,1.714737412,150490,766100,916590,0.719519484,2.434256896,15.107,84.893,16.418,83.582,24071,42.653812,26778,47.450616,7650.8,13.5572176,,,,,,,,,
121,D,3,285150,1924700,2209850,1.734723411,200310,892730,1093040,0.858032028,2.592755438,12.903,87.097,18.326,81.674,26373,46.732956,27042.75,47.919753,8799.3,15.5923596,,,,,,,,,
121,D,4,238900,1817400,2056300,1.614187275,189900,971650,1161550,0.911812104,2.525999379,11.618,88.382,16.349,83.651,24489,43.394508,26702,47.315944,8344.3,14.7860996,,,,,,,,,
121,G,1,391440.75,2229678.25,2621119,2.057567931,403140,831790,1234930,0.96941511,3.026983041,14.93410829,85.06589171,32.644,67.356,21898,38.803256,29572,52.401584,7892.8,13.9860416,,,,,,,,,
121,G,2,418595.75,1917112.125,2335707.875,1.833521339,436080,867180,1303260,1.023053887,2.856575226,17.92157977,82.07842023,33.461,66.539,22686.25,40.200035,27629.75,48.959917,6703.5,11.878602,,,,,,,,,
121,G,3,317183.75,1832114.375,2149298.125,1.687190431,307110,868310,1175420,0.922699998,2.609890429,14.75755021,85.24244979,26.128,73.872,19954,35.358488,29916,53.011152,7611.4,13.4874008,,,,,,,,,
121,G,4,311280.75,1824936.375,2136217.125,1.676921898,320200.5,801589.875,1121790.375,0.880600957,2.557522855,14.57158761,85.42841239,28.54370185,71.45629815,18549.25,32.869271,22805,40.41046,7836.25,13.885835,,,,,,,,,
121,H,1,465930,1839200,2305130,1.809517829,252690,667040,919730,0.721984371,2.531502201,20.213,79.787,27.474,72.526,23493,41.629596,24271.5,43.009098,5707.8,10.1142216,,,,,,,,,
121,H,2,340350,1577800,1918150,1.505740077,243434.625,614103,857537.625,0.673163605,2.178903683,17.743,82.257,28.38763197,71.61236803,22695,40.21554,26579,47.097988,5333.625,9.4511835,,,,,,,,,
121,H,3,459230,1871900,2331130,1.829927725,216770,620810,837580,0.65749695,2.487424675,19.7,80.3,25.88,74.12,20709,36.696348,27629.5,48.959474,5528.9,9.7972108,,,,,,,,,
121,H,4,356531.75,2045624.625,2402156.375,1.885683146,172480,622010,794490,0.623671472,2.509354618,14.84215406,85.15784594,21.709,78.291,18712,33.157664,22001.75,38.987101,5332.8,9.4497216,,,,,,,,,
122,A,1,268662.875,2265586.625,2534249.5,1.989375721,225525,855526.125,1081051.125,0.848620809,2.837996529,10.60127959,89.39872041,20.86164056,79.13835944,19328.25,34.249659,22928.25,40.628859,5807.125,10.2902255,,,,,,,,,
122,A,2,277803.25,2229196.375,2506999.625,1.967984678,249625.5,892248.375,1141873.875,0.896366424,2.864351102,11.08110457,88.91889543,21.8610396,78.1389604,20733.5,36.739762,26468,46.901296,6507,11.530404,,,,,,,,,
122,A,3,318557.5,2132816.5,2451374,1.924318785,307680,873150,1180830,0.926946827,2.851265611,12.9950591,87.0049409,26.056,73.944,20466.125,36.2659735,24142.25,42.780067,6060.75,10.739649,,,,,,,,,
122,A,4,282580,2183008.625,2465588.625,1.935477208,318170,973900,1292070,1.014269782,2.94974699,11.46095489,88.53904511,24.625,75.375,16932.875,30.0050545,26192.25,46.412667,6161,10.917292,,,,,,,,,
122,C,1,338578.5,1931853.5,2270432,1.782280038,482444.875,1054608.5,1537053.375,1.206580751,2.988860789,14.91251445,85.08748555,31.38764618,68.61235382,21005.125,37.2210815,29593,52.438796,6290.375,11.1465445,,,,,,,,,
122,C,2,333610.125,1792937,2126547.125,1.669330987,528158.5,1094785.375,1622943.875,1.27400445,2.943335437,15.6878783,84.3121217,32.54323875,67.45676125,23112.625,40.9555715,28486,50.477192,6580.5,11.660646,,,,,,,,,
122,C,3,335819.625,1866040.375,2201860,1.728451293,636781.875,1295927.25,1932709.125,1.517168932,3.245620225,15.25163385,84.74836615,32.94763122,67.05236878,19508.375,34.5688405,27404.5,48.560774,6212.25,11.008107,,,,,,,,,
122,C,4,316450,1904100,2220550,1.743122868,650185.125,1463735.75,2113920.875,1.659419431,3.402542299,14.251,85.749,30.75730661,69.24269339,17737,31.429964,23409.5,41.481634,6579.125,11.6582095,,,,,,,,,
122,D,1,213231.375,1629536.375,1842767.75,1.446565313,373745,1135371.875,1509116.875,1.18465071,2.631216023,11.57125606,88.42874394,24.76580881,75.23419119,20910.875,37.0540705,26379.25,46.744031,6222.75,11.026713,,,,,,,,,
122,D,2,180228.5,1721973.5,1902202,1.493220961,380744.25,1414295,1795039.25,1.409098631,2.902319592,9.474729813,90.52527019,21.21091503,78.78908497,30583.875,54.1946265,26528.25,47.008059,6594.125,11.6847895,,,,,,,,,
122,D,3,129105.75,1748952.5,1878058.25,1.474268214,340148.125,1630656.5,1970804.625,1.547073747,3.021341961,6.874427351,93.12557265,17.25935289,82.74064711,21331.375,37.7991965,41407.25,73.373647,8884.625,15.7435555,,,,,,,,,
122,D,4,355503.125,2310771.375,2666274.5,2.093014817,397370.25,1060656.125,1458026.375,1.144544872,3.23755969,13.33332802,86.66667198,27.25398229,72.74601771,37031.625,65.6200395,29936.25,53.047035,6674.75,11.827657,,,,,,,,,
122,E,1,193323.125,1695274.625,1888597.75,1.482541679,459210.625,1210886.375,1670097,1.311019465,2.793561144,10.23633143,89.76366857,27.49604514,72.50395486,21322,37.782584,34922.25,61.882227,7298.5,12.932942,,,,,,,,,
122,E,2,342723.125,2277779.625,2620502.75,2.057084177,457290,1149600,1606890,1.261402222,3.318486399,13.07852568,86.92147432,28.458,71.542,18947.25,33.574527,31378.75,55.603145,7580.8,13.4331776,,,,,,,,,
122,E,3,310168.5,2204010.875,2514179.375,1.973620753,445300,1219500,1664800,1.306861341,3.280482093,12.33676893,87.66323107,26.748,73.252,21086.375,37.3650565,30806.5,54.589118,7301.125,12.9375935,,,,,,,,,
122,E,4,420160.375,2303617.125,2723777.5,2.138154442,341660,838530,1180190,0.926444429,3.064598872,15.42564967,84.57435033,28.95,71.05,20463.375,36.2611005,29884.75,52.955777,6589,11.675708,,,,,,,,,
122,G,1,214649.625,2302715.375,2517365,1.976121456,359160,984080,1343240,1.054438027,3.030559483,8.526758138,91.47324186,26.739,73.261,21345.5,37.824226,38324.5,67.911014,10902,19.318344,,,,,,,,,
122,G,2,308146.25,2174169.125,2482315.375,1.94860764,496820,1132600,1629420,1.279088182,3.227695822,12.41366239,87.58633761,30.491,69.509,21876,38.764272,34621,61.348412,8762.25,15.526707,,,,,,,,,
122,G,3,316411.25,2065256.625,2381667.875,1.869599755,335200,986200,1321400,1.037293714,2.90689347,13.28528017,86.71471983,25.367,74.633,22532.375,39.9273685,32827.25,58.169887,7904.625,14.0069955,,,,,,,,,
122,G,4,329115.625,2044123.125,2373238.75,1.862982926,600300,1322300,1922600,1.50923331,3.372216235,13.86778406,86.13221594,31.224,68.776,21139.5,37.459194,30626.75,54.270601,7656.125,13.5666535,,,,,,,,,
122,H,1,311030,2135000,2446030,1.920123766,517870,1147300,1665170,1.307151789,3.227275555,12.716,87.284,31.1,68.9,18954,33.586488,32321.5,57.273698,7344.3,13.0140996,,,,,,,,,
122,H,2,361396.375,2003751,2365147.375,1.856631229,578180,1244100,1822280,1.430482511,3.28711374,15.28007848,84.71992152,31.729,68.271,21815.25,38.656623,36602.25,64.859187,8487.375,15.0396285,,,,,,,,,
122,H,3,390500,2201800,2592300,2.034945131,423290,1010000,1433290,1.125126917,3.160072048,15.064,84.936,29.534,70.466,23862,42.283464,34915.25,61.869823,7738.5,13.712622,,,,,,,,,
122,H,4,381000,2119800,2500800,1.963117997,454620,1213800,1668420,1.309703026,3.272821023,15.235,84.765,27.248,72.752,23246,41.191912,43488,77.060736,6951,12.317172,,,,,,,,,
123,B,1,393848.25,1954430.375,2348278.625,1.843389328,394455.75,1075412.125,1469867.875,1.153840402,2.99722973,16.77178533,83.22821467,26.83613655,73.16386345,28839.5,51.103594,33061,58.584092,7597.5,13.46277,,,,,,,,,
123,B,2,323941,1842127.625,2166068.625,1.700355206,278224.125,1032462.5,1310686.625,1.028883758,2.729238964,14.95525101,85.04474899,21.22735669,78.77264331,22398.75,39.690585,27922.25,49.478227,7260,12.86472,,,,,,,,,
123,B,3,303942.875,1776803.125,2080746,1.633377287,297075.625,1034417.75,1331493.375,1.045216973,2.67859426,14.60739922,85.39260078,22.31146099,77.68853901,28675.625,50.8132075,28283,50.117476,8070.125,14.3002615,,,,,,,,,
123,B,4,330223,1842421.625,2172644.625,1.70551734,386187.25,1187928.625,1574115.875,1.235674665,2.941192005,15.19912627,84.80087373,24.53359731,75.46640269,28294.75,50.138297,32375.25,57.368943,7750.25,13.733443,,,,,,,,,
123,C,1,216314.625,2017832.875,2234147.5,1.753796851,421800,1050600,1472400,1.15582811,2.909624961,9.68219981,90.31780019,28.648,71.352,18660,33.06552,26519.5,46.992554,6473.75,11.471485,,,,,,,,,
123,C,2,238044.25,2014109.25,2252153.5,1.767931489,460560,1320400,1780960,1.398046476,3.165977965,10.56962814,89.43037186,25.86,74.14,16064.75,28.466737,36297.75,64.319613,7251.9,12.8503668,,,,,,,,,
123,C,3,192256.5,1659058.125,1851314.625,1.453274575,300530,781530,1082060,0.849412772,2.302687347,10.38486367,89.61513633,27.774,72.226,17321.5,30.693698,24760.25,43.875163,5934.4,10.5157568,,,,,,,,,
123,C,4,143271.125,1662253.125,1805524.25,1.417329314,254630,803790,1058420,0.830855466,2.24818478,7.935153737,92.06484626,24.058,75.942,16866.125,29.8867735,23867.25,42.292767,5980.5,10.597446,,,,,,,,,
123,D,1,281914.125,2460050.625,2741964.75,2.152431361,348483.75,919672,1268155.75,0.995497191,3.147928552,10.28146423,89.71853577,27.47957023,72.52042977,20482.75,36.295433,32728.25,57.994459,7752.25,13.736987,,,,,,,,,
123,D,2,181045.25,2579348,2760393.25,2.16689766,272422.625,1085578.75,1358001.375,1.066025647,3.232923307,6.558676015,93.44132399,20.0605559,79.9394441,20096.375,35.6107765,38506,68.232632,8763.875,15.5295865,,,,,,,,,
123,D,3,240367.625,2059905.625,2300273.25,1.8057053,476892,1075131.375,1552023.375,1.218332141,3.024037441,10.44952486,89.55047514,30.72711453,69.27288547,27653.625,49.0022235,30100.75,53.338529,7866.5,13.939438,,,,,,,,,
123,D,4,279699.125,2180424.25,2460123.375,1.931187009,348557.375,1020331.375,1368888.75,1.074572193,3.005759202,11.36931293,88.63068707,25.46279784,74.53720216,22290.875,39.4994305,36711.25,65.052335,8524.5,15.105414,,,,,,,,,
123,G,1,543950.75,3101327.25,3645278,2.861528649,206758.875,782219.375,988978.25,0.77634397,3.637872619,14.92206493,85.07793507,20.90631164,79.09368836,26371.75,46.730741,31995.5,56.696026,7223,12.799156,,,,,,,,,
123,G,2,590960.5,3056002.125,3646962.625,2.862851073,288180.875,979945.25,1268126.125,0.995473936,3.858325008,16.20418306,83.79581694,22.72493795,77.27506205,23889.25,42.331751,37569,66.572268,7507.875,13.3039545,,,,,,,,,
123,G,3,245888.875,2475724.75,2721613.625,2.136455809,440950,1477200,1918150,1.505740077,3.642195887,9.0346724,90.9653276,22.989,77.011,19702.25,34.912387,34089.25,60.406151,7727.8,13.6936616,,,,,,,,,
123,G,4,363285.375,2737732.25,3101017.625,2.434286432,294870,1014800,1309670,1.028085711,3.462372143,11.71503741,88.28496259,22.514,77.486,23756.25,42.096075,35364.5,62.665894,9224,16.344928,,,,,,,,,
126,A,1,147290,1161200,1308490,1.027159416,414861.125,799673.5,1214534.625,0.953404822,1.980564239,11.256,88.744,34.15803193,65.84196807,17757,31.465404,27336.5,48.440278,6119.375,10.8435325,,,,,,,,,
126,A,2,274373.5,1789700.625,2064074.125,1.620289932,309559,890268.75,1199827.75,0.941859984,2.562149916,13.29281234,86.70718766,25.80028675,74.19971325,20456.875,36.2495825,32709.25,57.960791,6899.75,12.226357,,,,,,,,,
126,A,3,229018.875,1585945.25,1814964.125,1.424739578,317646,824741,1142387,0.896769225,2.321508804,12.61836925,87.38163075,27.80546347,72.19453653,18765.5,33.252466,28966.75,51.329081,6463.75,11.453765,,,,,,,,,
126,A,4,244792.375,1736036.375,1980828.75,1.554942645,254347.25,675840.625,930187.875,0.730193761,2.285136407,12.35807866,87.64192134,27.34364281,72.65635719,20768.625,36.8020035,32126.25,56.927715,7281.5,12.902818,,,,,,,,,
126,D,1,379042.875,1802228.125,2181271,1.71228901,275350,754260,1029610,0.808239732,2.520528741,17.37715648,82.62284352,26.743,73.257,19563.375,34.6663005,29321,51.956812,6572.3,11.6461156,,,,,,,,,
126,D,2,211990,1719099,1931089,1.515897141,363200,1127300,1490500,1.170036538,2.685933679,10.97774365,89.02225635,24.368,75.632,16714.25,29.617651,32507.5,57.60329,6858.5,12.153262,,,,,,,,,
126,D,3,597100,2011000,2608100,2.047348068,288830,509270,798100,0.626505308,2.673853375,22.894,77.106,36.19,63.81,32596,57.760112,25618.5,45.395982,5281.5,9.358818,,,,,,,,,
126,D,4,741460,1816100,2557560,2.00767437,279060,558370,837430,0.6573792,2.66505357,28.991,71.009,33.324,66.676,34318,60.811496,29354.75,52.016617,5598.5,9.920542,,,,,,,,,
126,E,1,364380,1853000,2217380,1.74063443,390430,801870,1192300,0.935950731,2.676585161,16.433,83.567,32.746,67.254,21435,37.98282,25687.75,45.518693,6239.5,11.056394,,,,,,,,,
126,E,2,386298.875,1761596.375,2147895.25,1.68608918,407786.25,782522.25,1190308.5,0.934387411,2.620476591,17.98499601,82.01500399,34.2588707,65.7411293,20983.875,37.1834265,31629,56.046588,6587,11.672164,,,,,,,,,
126,E,3,356091,1818358.75,2174449.75,1.706934356,402239.25,799561.375,1201800.625,0.943408683,2.650343039,16.37614298,83.62385702,33.46971549,66.53028451,22333.625,39.5751835,31221.75,55.324941,6604.75,11.703617,,,,,,,,,
126,E,4,371716.125,1748472.375,2120188.5,1.664339492,369498.25,731254.25,1100752.5,0.864086309,2.528425801,17.5322206,82.4677794,33.56778658,66.43221342,23927.875,42.4001945,29799,52.803828,6960,12.33312,,,,,,,,,
126,F,1,362222.375,2533837.375,2896059.75,2.27339532,206578.5,668988.5,875567,0.687316593,2.960711912,12.50742064,87.49257936,23.59368272,76.40631728,24770,43.89244,30936.75,54.819921,7428.5,13.163302,,,,,,,,,
126,F,2,361946.875,2225608.875,2587555.75,2.031220914,320696.625,870493,1191189.625,0.935079091,2.966300004,13.98798364,86.01201636,26.92238232,73.07761768,21708.75,38.467905,33332,59.064304,7537,13.355564,,,,,,,,,
126,F,3,358422,2360538.5,2718960.5,2.134373117,242172,698901.125,941073.125,0.738738639,2.873111755,13.18231729,86.81768271,25.73360067,74.26639933,23124.875,40.9772785,32482.5,57.55899,7539.375,13.3597725,,,,,,,,,
126,F,4,315686.5,2327434.875,2643121.375,2.074839707,257631.375,814373.875,1072005.25,0.841519833,2.91635954,11.94370047,88.05629953,24.03265982,75.96734018,23020.125,40.7916615,32290,57.21788,7856.75,13.922161,,,,,,,,,
126,G,1,354779.75,1908668.375,2263448.125,1.776797724,303875.125,878763,1182638.125,0.928366198,2.705163922,15.67430444,84.32569556,25.69468365,74.30531635,24072.875,42.6571345,25510.5,45.204606,6777.25,12.009287,,,,,,,,,
126,G,2,342242.75,1849147.125,2191389.875,1.720232286,293546.875,932474.375,1226021.25,0.962421777,2.682654063,15.61761117,84.38238883,23.94304952,76.05695048,22134.5,39.222334,26793,47.477196,7009.25,12.420391,,,,,,,,,
126,G,3,307582.125,1789206.125,2096788.25,1.645970389,333824.5,985761.25,1319585.75,1.035869535,2.681839925,14.66920301,85.33079699,25.29767391,74.70232609,22097.375,39.1565485,31223.25,55.327599,7676.625,13.6029795,,,,,,,,,
126,G,4,351090,1786833.5,2137923.5,1.678261396,313900.25,932440.875,1246341.125,0.978372798,2.656634194,16.42200949,83.57799051,25.18574118,74.81425882,23297.5,41.28317,32256.75,57.158961,8491.75,15.047381,,,,,,,,,
126,I,1,314520,899850,1214370,0.953275593,631750,1011400,1643150,1.289866177,2.24314177,25.9,74.1,38.448,61.552,23606,41.829832,30457.25,53.970247,5537.8,9.8129816,,,,,,,,,
126,I,2,421220,1143900,1565120,1.22861294,477240,830240,1307480,1.02636657,2.25497951,26.914,73.086,36.501,63.499,28996,51.380912,30883.75,54.726005,5691.8,10.0858696,,,,,,,,,
126,I,3,246640,1518000,1764640,1.385235341,384110,946380,1330490,1.044429328,2.429664669,13.977,86.023,28.87,71.13,21120,37.42464,33305.25,59.016903,6589.9,11.6773028,,,,,,,,,
126,I,4,405020,1408600,1813620,1.423684446,509940,891920,1401860,1.100454493,2.524138938,22.333,77.667,36.376,63.624,27960,49.54512,32887,58.275764,6144.3,10.8876996,,,,,,,,,
127,A,1,488847.625,1394132.5,1882980.125,1.478131866,449350.25,770981,1220331.25,0.95795515,2.436087016,25.96137997,74.03862003,36.82198993,63.17801007,26881.75,47.634461,39002.75,69.112873,5595,9.91434,,,,,,,,,
127,A,2,487970,1250600,1738570,1.364770496,241040,553520,794560,0.623726422,1.988496917,28.067,71.933,30.336,69.664,24979,44.262788,43717.25,77.466967,7540.5,13.361766,,,,,,,,,
127,A,3,517400,1459200,1976600,1.551623094,120550,372250,492800,0.386846029,1.938469122,26.176,73.824,24.463,75.537,32113,56.904236,42223.5,74.820042,6174.5,10.941214,,,,,,,,,
127,A,4,472880,1469400,1942280,1.524682031,259740,553200,812940,0.638154648,2.162836679,24.347,75.653,31.951,68.049,33461,59.292892,33906.5,60.082318,8569.6,15.1853312,,,,,,,,,
127,C,1,486360,1975600,2461960,1.932628752,227700,523270,750970,0.589508446,2.522137198,19.755,80.245,30.32,69.68,24735,43.83042,22018,39.015896,5775.3,10.2338316,,,,,,,,,
127,C,2,503410,1813600,2317010,1.818843582,234640,593010,827650,0.649701939,2.468545521,21.727,78.273,28.35,71.65,24271,43.008212,28290.75,50.131209,5932,10.511504,,,,,,,,,
127,C,3,426110,1861900,2288010,1.796078698,266280,675310,941590,0.739144384,2.535223082,18.624,81.376,28.28,71.72,24060,42.63432,29938.25,53.050579,6180.5,10.951846,,,,,,,,,
127,C,4,385990,1842400,2228390,1.749277236,275990,722580,998570,0.783873456,2.533150692,17.321,82.679,27.639,72.361,23498,41.638456,27480.75,48.695889,6499.4,11.5169368,,,,,,,,,
127,D,1,239071.75,1704084.375,1943156.125,1.525369786,321620,830970,1152590,0.90477854,2.430148325,12.30327028,87.69672972,27.904,72.096,17168.25,30.422139,26801,47.491372,6566.625,11.6360595,,,,,,,,,
127,D,2,280340,1674800,1955140,1.534777079,424190,1010700,1434890,1.12638291,2.66115999,14.339,85.661,29.563,70.437,26878,47.627816,39873,70.654956,7924.8,14.0427456,,,,,,,,,
127,D,3,126480,1952600,2079080,1.632069484,245040,874100,1119140,0.878520423,2.510589907,6.0835,93.9165,21.895,78.105,15882,28.142904,40828.75,72.348545,5958.5,10.558462,,,,,,,,,
127,D,4,186680,1657000,1843680,1.447281425,392520,1186400,1578920,1.239445884,2.68672731,10.126,89.874,24.86,75.14,16843,29.845796,30987.25,54.909407,6393.8,11.3298136,,,,,,,,,
127,E,1,286250,1368500,1654750,1.298972131,531191.875,885129,1416320.875,1.111806222,2.410778353,17.299,82.701,37.5050516,62.4949484,15185,26.90782,21437.5,37.98725,4179.75,7.406517,,,,,,,,,
127,E,2,308954.25,1568544.375,1877498.625,1.473828911,255249.5,548621.5,803871,0.63103552,2.10486443,16.45563123,83.54436877,31.75254487,68.24745513,18485.5,32.756306,32630.75,57.821689,5686.25,10.076035,,,,,,,,,
127,E,3,233673.125,1633737.125,1867410.25,1.465909577,204956.75,552436,757392.75,0.594550279,2.060459856,12.51321851,87.48678149,27.06082808,72.93917192,20736.75,36.745521,28883.75,51.182005,6438.125,11.4083575,,,,,,,,,
127,E,4,279039.875,1597396.375,1876436.25,1.472994951,186813.625,467765.75,654579.375,0.513842191,1.986837142,14.87073568,85.12926432,28.53949149,71.46050851,20041.75,35.513981,30033.75,53.219805,6299.375,11.1624925,,,,,,,,,
127,G,1,603204.625,3069109.875,3672314.5,2.882752193,184192.25,643980.875,828173.125,0.65011259,3.532864784,16.42573437,83.57426563,22.24079054,77.75920946,31119.125,55.1430895,26610.25,47.153363,7402.875,13.1178945,,,,,,,,,
127,G,2,370360,2455900,2826260,2.218602795,356110,1149800,1505910,1.182133326,3.400736121,13.104,86.896,23.648,76.352,27910,49.45652,45112,79.938464,12206,21.629032,,,,,,,,,
127,G,3,419784.125,2676543.875,3096328,2.430605095,225891.375,979544.125,1205435.5,0.946262046,3.37686714,13.55748244,86.44251756,18.73939958,81.26060042,23762.25,42.106707,41912.25,74.268507,9902.75,17.547673,,,,,,,,,
127,G,4,291558.75,2829668.5,3121227.25,2.450150906,371100,1289800,1660900,1.303799856,3.753950763,9.341157392,90.65884261,22.343,77.657,22912.5,40.60095,34769.5,61.611554,8824.3,15.6366596,,,,,,,,,
130,A,1,517810,1773400,2291210,1.798590685,387120,803250,1190370,0.934435689,2.733026374,22.6,77.4,32.521,67.479,25266,44.771352,37198.5,65.915742,7219.5,12.792954,,,,,,,,,
130,A,2,521770,1900300,2422070,1.901315262,393610,806230,1199840,0.941869601,2.843184862,21.542,78.458,32.805,67.195,21538,38.165336,29439.75,52.167237,5568,9.866496,,,,,,,,,
130,A,3,482530,1896800,2379330,1.867764533,305670,762180,1067850,0.838257979,2.706022511,20.28,79.72,28.625,71.375,26004,46.079088,35008.5,62.035062,7929.6,14.0512512,,,,,,,,,
130,A,4,497630,2021400,2519030,1.977428474,318530,784160,1102690,0.865607239,2.843035713,19.755,80.245,28.886,71.114,27016,47.872352,35935.5,63.677706,8072.9,14.3051788,,,,,,,,,
130,D,1,240220,1590500,1830720,1.437107877,616160,1573100,2189260,1.718560343,3.15566822,13.122,86.878,28.145,71.855,19907,35.275204,57174,101.312328,7377.5,13.07293,,,,,,,,,
130,D,2,265828.125,1816562.875,2082391,1.634668605,438961.75,1301151.75,1740113.5,1.365982137,3.000650742,12.7655241,87.2344759,25.22604129,74.77395871,21945.125,38.8867615,33944.5,60.149654,8752.75,15.509873,,,,,,,,,
130,D,3,271937.25,2120726.75,2392664,1.878231669,323890.25,1025469.25,1349359.5,1.05924181,2.937473479,11.36545917,88.63454083,24.00325858,75.99674142,19825.875,35.1314505,37864.5,67.095894,8400.25,14.885243,,,,,,,,,
130,D,4,164588,2267122.125,2431710.125,1.908882721,401520,1146649.75,1548169.75,1.215307061,3.124189782,6.768405424,93.23159458,25.93514051,74.06485949,19074.125,33.7993495,31766.25,56.289795,8233.25,14.589319,,,,,,,,,
130,E,1,234763.75,1985928.75,2220692.5,1.74323473,238380,1031300,1269680,0.996693721,2.739928451,10.57164601,89.42835399,18.775,81.225,21006.75,37.223961,34853.75,61.760845,7422.5,13.15267,,,,,,,,,
130,E,2,231230.5,2065634.5,2296865,1.803029838,289120,1015400,1304520,1.024042982,2.827072819,10.06722206,89.93277794,22.162,77.838,18418.625,32.6378035,27649,48.994028,6681.3,11.8392636,,,,,,,,,
130,E,3,217659.75,2074089.625,2291749.375,1.799014092,272080,1015900,1287980,1.011059148,2.81007324,9.497537225,90.50246278,21.124,78.876,17030.125,30.1773815,30724,54.442928,6676.5,11.830758,,,,,,,,,
130,E,4,208881,1867972.375,2076853.375,1.630321592,323070,1210500,1533570,1.203846316,2.834167908,10.05757087,89.94242913,21.067,78.933,16737.5,29.65885,29268.25,51.863339,6409.5,11.357634,,,,,,,,,
130,G,1,193334.75,1776899.5,1970234.25,1.546626005,158559.25,836711.75,995271,0.781283754,2.327909759,9.812779876,90.18722012,15.93126395,84.06873605,14920.5,26.439126,20511.5,36.346378,5536.25,9.810235,,,,,,,,,
130,G,2,170401.625,1830277.125,2000678.75,1.570524816,150327.5,875810.5,1026138,0.805514225,2.376039041,8.517190728,91.48280927,14.64983267,85.35016733,14862.875,26.3370145,23686,41.971592,5887.75,10.433093,,,,,,,,,
130,G,3,120839.375,1196961.125,1317800.5,1.034468121,166080,965280,1131360,0.888113075,1.922581196,9.169777595,90.83022241,14.68,85.32,12272.75,21.747313,20034.75,35.501577,5201.6,9.2172352,,,,,,,,,
130,G,4,145295.75,1273226.875,1418522.625,1.113534587,153103.75,929095.5,1082199.25,0.849522082,1.963056669,10.24275168,89.75724832,14.14746406,85.85253594,12900.25,22.859243,26286.5,46.579678,5934.625,10.5161555,,,,,,,,,
130,H,1,285100,1426700,1711800,1.343756153,353580,1057100,1410680,1.107378157,2.45113431,16.656,83.344,25.065,74.935,30320,53.72704,25188.5,44.634022,5351.5,9.482858,,,,,,,,,
130,H,2,372720.25,1692631.625,2065351.875,1.62129296,297100,874810,1171910,0.919944662,2.541237623,18.04633169,81.95366831,25.352,74.648,21380.875,37.8869105,25589.5,45.344594,5258,9.317176,,,,,,,,,
130,H,3,467776.875,1526560.625,1994337.5,1.56554696,418030,713910,1131940,0.888568372,2.454115332,23.45525143,76.54474857,36.931,63.069,29078,51.526216,30887.75,54.733093,7156.8,12.6818496,,,,,,,,,
130,H,4,527290,1650600,2177890,1.709634938,368220,748970,1117190,0.876989681,2.58662462,24.211,75.789,32.959,67.041,37820,67.01704,26756.5,47.412518,5482.5,9.71499,,,,,,,,,
130,I,1,126469.375,1749199,1875668.375,1.472392172,155170,942570,1097740,0.861721509,2.334113681,6.742629811,93.25737019,14.135,85.865,18035.75,31.959349,28770.25,50.980883,6428,11.390416,,,,,,,,,
130,I,2,504547.625,1846241.25,2350788.875,1.845359864,189687.125,567308.5,756995.625,0.594238538,2.439598401,21.46290679,78.53709321,25.05788921,74.94211079,28273.375,50.1004205,21048.75,37.298385,5165.75,9.153709,,,,,,,,,
130,I,3,341234.75,1732017.25,2073252,1.627494527,198722,623052.375,821774.375,0.645089597,2.272584124,16.45891334,83.54108666,24.18206336,75.81793664,20066.875,35.5585025,19026.25,33.714515,5097.75,9.033213,,,,,,,,,
130,I,4,239265,1584325.375,1823590.375,1.43151115,203947.25,764480.25,968427.5,0.760211714,2.191722864,13.12054523,86.87945477,21.05963017,78.94036983,17515,31.03658,26403,46.786116,5707.875,10.1143545,,,,,,,,,
136,A,1,153040,1497000,1650040,1.2952748,227890,1581100,1808990,1.420049914,2.715324714,9.2752,90.7248,12.598,87.402,14157,25.086204,37089.25,65.722151,5237,9.279964,,,,,,,,,
136,A,2,141000,1606900,1747900,1.372094508,206050,1281700,1487750,1.167877799,2.539972307,8.0668,91.9332,13.849,86.151,15352,27.203744,34383.5,60.927562,6300.3,11.1641316,,,,,,,,,
136,A,3,113309.25,1478792.625,1592101.875,1.249793603,250769.25,1570193.625,1820962.875,1.429448573,2.679242176,7.116959774,92.88304023,13.77124451,86.22875549,16995.5,30.116026,23434.25,41.525491,5051.875,8.9519225,,,,,,,,,
136,A,4,87051,1762400,1849451,1.451811637,217430,1351400,1568830,1.231525275,2.683336912,4.7068,95.2932,13.859,86.141,16662,29.525064,35845.25,63.517783,6717,11.902524,,,,,,,,,
136,C,1,331379.875,2088880.375,2420260.25,1.899894615,389110,1063100,1452210,1.139979041,3.039873656,13.69191082,86.30808918,26.795,73.205,22036.25,39.048235,36260.5,64.253606,8093.375,14.3414605,,,,,,,,,
136,C,2,69054.625,1909392.5,1978447.125,1.553073079,241169,1657342.875,1898511.875,1.490324228,3.043397307,3.490344732,96.50965527,12.7030546,87.2969454,15095.5,26.749226,36780,65.17416,6143,10.885396,,,,,,,,,
136,C,3,396609.125,1713240.875,2109850,1.656223811,415988.75,970256.375,1386245.125,1.088196878,2.744420689,18.79797734,81.20202266,30.00831112,69.99168888,21475.5,38.054586,26502,46.961544,6276.25,11.121515,,,,,,,,,
136,C,4,289945.375,1835580.75,2125526.125,1.668529506,436000,1145200,1581200,1.241235675,2.909765181,13.64111086,86.35888914,27.575,72.425,19464.125,34.4904295,24841.5,44.019138,6262.375,11.0969285,,,,,,,,,
136,D,1,197047.125,1983989.125,2181036.25,1.712104732,476531.375,1652048.25,2128579.625,1.670926491,3.383031223,9.034564419,90.96543558,22.38729383,77.61270617,16736.25,29.656635,22532.75,39.928033,5825.5,10.322786,,,,,,,,,
136,D,2,344508.375,2113543.75,2458052.125,1.929561086,312245.5,902538.75,1214784.25,0.953600777,2.883161863,14.01550323,85.98449677,25.70378238,74.29621762,17542.375,31.0850885,31170.25,55.233683,7056.625,12.5043395,,,,,,,,,
136,D,3,342456.25,1707783.25,2050239.5,1.609429807,784723.75,2202866.125,2987589.875,2.345246102,3.954675908,16.7032315,83.2967685,26.26611358,73.73388642,18516.25,32.810795,44456.75,78.777361,4484.5,7.946534,,,,,,,,,
136,D,4,368328.625,1913710.125,2282038.75,1.791391291,618368.875,1934630.75,2552999.625,2.004094494,3.795485784,16.14033175,83.85966825,24.22126776,75.77873224,19469,34.499068,15676,27.777872,5242,9.288824,,,,,,,,,
136,E,1,238511.375,2095050.375,2333561.75,1.83183664,392850,1045800,1438650,1.129334495,2.961171135,10.22091552,89.77908448,27.306,72.694,16981.125,30.0905535,32037.25,56.770007,7832.9,13.8798988,,,,,,,,,
136,E,2,290137.375,1991314.75,2281452.125,1.790930792,375330,956250,1331580,1.045284974,2.836215766,12.7172239,87.2827761,28.187,71.813,18630,33.01236,29075.25,51.521343,6941.3,12.2999836,,,,,,,,,
136,E,3,225368.625,2166875.375,2392244,1.877901971,316680,1178900,1495580,1.174024318,3.051926289,9.420804274,90.57919573,21.174,78.826,21105.75,37.399389,46392.75,82.207953,9328.3,16.5297476,,,,,,,,,
136,E,4,328338.5,2552732.5,2881071,2.261629211,393160,1013100,1406260,1.103908475,3.365537686,11.39640432,88.60359568,27.959,72.041,17460.5,30.940006,40237.5,71.30085,8183,14.500276,,,,,,,,,
136,F,1,314920,1686600,2001520,1.571185194,336480,905380,1241860,0.974855133,2.546040326,15.734,84.266,27.095,72.905,17137,30.366764,30152.5,53.43023,6485.8,11.4928376,,,,,,,,,
136,F,2,366750,1847200,2213950,1.737941894,411760,1026400,1438160,1.128949847,2.866891742,16.566,83.434,28.631,71.369,21192,37.552224,29836.25,52.869835,6653.5,11.790002,,,,,,,,,
136,F,3,392480,1904500,2296980,1.803120112,364220,979040,1343260,1.054453727,2.857573839,17.087,82.913,27.114,72.886,22568,39.990496,32916.25,58.327595,7926.3,14.0454036,,,,,,,,,
136,F,4,367550,1858800,2226350,1.747675845,347350,916980,1264330,0.992493993,2.740169837,16.509,83.491,27.473,72.527,22069,39.106268,34723,61.529156,7961.1,14.1070692,,,,,,,,,
137,A,1,122892.75,1516567.125,1639459.875,1.286969444,317220.25,960440.75,1277661,1.002958774,2.289928218,7.495929109,92.50407089,24.82820169,75.17179831,13989.625,24.7896155,24304.75,43.068017,5850.375,10.3668645,,,,,,,,,
137,A,2,104279,1804451.625,1908730.625,1.498345906,415948,1047983.375,1463931.375,1.149180274,2.647526179,5.463264362,94.53673564,28.4130805,71.5869195,14879.375,26.3662525,25961,46.002892,5719.25,10.134511,,,,,,,,,
137,A,3,276058.875,1552148.75,1828207.625,1.435135673,401587.75,955639.125,1357226.875,1.065417668,2.500553341,15.09997394,84.90002606,29.58884453,70.41115547,15617.625,27.6744315,24038.75,42.596665,5154.25,9.133331,,,,,,,,,
137,A,4,261957.125,1556778.25,1818735.375,1.427699994,394243,835796.5,1230039.5,0.965576087,2.393276082,14.40325671,85.59674329,32.05124713,67.94875287,16551.875,29.3299225,22922,40.617784,6356.625,11.2639395,,,,,,,,,
137,B,1,340767,2277675.125,2618442.125,2.055466594,329645.75,1130642,1460287.75,1.146320043,3.201786637,13.01411235,86.98588765,22.57402693,77.42597307,28035.625,49.6791275,28451.5,50.416058,7992.25,14.162267,,,,,,,,,
137,B,2,278713.875,2549728.25,2828442.125,2.220315754,310057.625,1094301.5,1404359.125,1.102416296,3.32273205,9.853971292,90.14602871,22.0782291,77.9217709,24512.625,43.4363715,29136.5,51.629878,7543.25,13.366639,,,,,,,,,
137,B,3,282986.25,2641445.625,2924431.875,2.295667324,218750.625,858048,1076798.625,0.845282613,3.140949938,9.676623088,90.32337691,20.31490568,79.68509432,20463.25,36.260879,25972.5,46.02327,7703.625,13.6508235,,,,,,,,,
137,B,4,303922.625,2507622.125,2811544.75,2.207051383,315558.25,1085279.375,1400837.625,1.099651932,3.306703315,10.80980927,89.19019073,22.52639738,77.47360262,21277.25,37.703287,29437.25,52.162807,7048,12.489056,,,,,,,,,
137,C,1,210371,2041749,2252120,1.767905192,289980,1035900,1325880,1.040810496,2.808715688,9.341020905,90.6589791,21.871,78.129,15634.375,27.7041125,31481.25,55.784775,5682,10.068504,,,,,,,,,
137,C,2,131203.25,2119635.25,2250838.5,1.766899219,346690,1129400,1476090,1.158724746,2.925623965,5.829083251,94.17091675,23.487,76.513,16007.625,28.3655115,38193.5,67.678882,7339.9,13.0063028,,,,,,,,,
137,C,3,194796.125,2206266.5,2401062.625,1.884824556,343130,989480,1332610,1.04609352,2.930918076,8.112913132,91.88708687,25.749,74.251,18067.625,32.0158315,32051.25,56.794815,8482,15.030104,,,,,,,,,
137,C,4,164703.25,2276674.375,2441377.625,1.91647167,347020,1092700,1439720,1.130174441,3.046646111,6.746324219,93.25367578,24.103,75.897,16012.125,28.3734855,27081.75,47.988861,6766.3,11.9898836,,,,,,,,,
137,E,1,300050,2241300,2541350,1.994949585,387630,913590,1301220,1.021452495,3.01640208,11.807,88.193,29.79,70.21,17815,31.56818,26751,47.402772,6209.8,11.0037656,,,,,,,,,
137,E,2,262380,2312400,2574780,2.021192001,365600,888550,1254150,0.984502733,3.005694734,10.19,89.81,29.151,70.849,20431,36.203732,27009.5,47.860834,6741.8,11.9464696,,,,,,,,,
137,E,3,247670,2295100,2542770,1.996064279,382870,1005600,1388470,1.089943396,3.086007675,9.7403,90.2597,27.575,72.425,21000,37.212,27839.5,49.331594,7419.8,13.1478856,,,,,,,,,
137,E,4,268630,2333100,2601730,2.042347643,384700,943650,1328350,1.042749437,3.08509708,10.325,89.675,28.961,71.039,18767,33.255124,27105.25,48.030503,6468.5,11.462182,,,,,,,,,
137,F,1,240410,2543200,2783610,2.185122716,347090,1204000,1551090,1.217599446,3.402722161,8.6366,91.3634,22.377,77.623,17951,31.809172,26158,46.351976,6501,11.519772,,,,,,,,,
137,F,2,245160,2466300,2711460,2.128485254,378153.75,1314344,1692497.75,1.328603964,3.457089218,9.0415,90.9585,22.3429396,77.6570604,18468,32.725296,27702.75,49.089273,7201.625,12.7612795,,,,,,,,,
137,F,3,204120,2424100,2628220,2.063142187,389295.875,1384675.25,1773971.125,1.392560237,3.455702424,7.7665,92.2335,21.94488228,78.05511772,20991,37.196052,29943,53.058996,8008,14.190176,,,,,,,,,
137,F,4,211264.375,2614488.5,2825752.875,2.218204704,325310,1231300,1556610,1.221932624,3.440137327,7.476392464,92.52360754,20.899,79.101,24430.25,43.290403,31410.75,55.659849,8269.5,14.653554,,,,,,,,,
137,G,1,187140,2503700,2690840,2.112298637,167790,1044700,1212490,0.9517998,3.064098437,6.9546,93.0454,13.838,86.162,18424,32.647328,29536,52.337792,7119,12.614868,,,,,,,,,
137,G,2,172110,2277600,2449710,1.923012551,174070,1052300,1226370,0.962695545,2.885708096,7.0258,92.9742,14.194,85.806,16647,29.498484,28157.75,49.895533,6775.9,12.0068948,,,,,,,,,
137,G,3,209290,2358800,2568090,2.015940378,145620,951090,1096710,0.860912963,2.876853341,8.1496,91.8504,13.278,86.722,21010,37.22972,25629.5,45.415474,6915,12.25338,,,,,,,,,
137,G,4,219940,2319000,2538940,1.993057744,180630,1018900,1199530,0.941626252,2.934683996,8.6627,91.3373,15.059,84.941,18344,32.505568,28113,49.816236,7643,13.543396,,,,,,,,,
137,H,1,184931.875,2255995.125,2440927,1.916117931,314500,1275000,1589500,1.247751142,3.163869073,7.576296833,92.42370317,19.786,80.214,16617.75,29.446653,33722,59.755384,8429.5,14.937074,,,,,,,,,
137,H,2,221088.125,2330400.5,2551488.625,2.002908365,315980,1181500,1497480,1.17551581,3.178424175,8.665064105,91.3349359,21.101,78.899,16638.75,29.483865,31808.25,56.364219,7475.8,13.2471176,,,,,,,,,
137,H,3,217422.125,2439947.875,2657370,2.086024821,358060,1406400,1764460,1.385094042,3.471118863,8.181853675,91.81814633,20.293,79.707,17186.625,30.4546995,34942.5,61.91811,7653.8,13.5625336,,,,,,,,,
137,H,4,240745.375,2507594.125,2748339.5,2.157435514,314740,1235300,1550040,1.2167752,3.374210714,8.759666519,91.24033348,20.305,79.695,17691.875,31.3500025,37530.75,66.504489,7915.6,14.0264432,,,,,,,,,
139,B,1,319251,2267265.75,2586516.75,2.030405303,241110,735320,976430,0.766493644,2.796898947,12.3428932,87.6571068,24.693,75.307,24924,44.165328,31458.75,55.744905,7746.375,13.7265765,,,,,,,,,
139,B,2,222621.25,2502803.125,2725424.375,2.139447233,214030,831770,1045800,0.820948817,2.960396049,8.168315072,91.83168493,20.465,79.535,23393,41.452396,37435,66.33482,8736.25,15.480635,,,,,,,,,
139,B,3,303098.5,2225771.5,2528870,1.985152835,313430,833070,1146500,0.899997914,2.885150749,11.98553109,88.01446891,27.338,72.662,22047.5,39.06817,26999.5,47.843114,7235.75,12.821749,,,,,,,,,
139,B,4,431320,2403500,2834820,2.225322361,313720,751010,1064730,0.835808791,3.061131152,15.215,84.785,29.465,70.535,27439,48.621908,31982.75,56.673433,6863.8,12.1626536,,,,,,,,,
139,D,1,172950,1616500,1789450,1.404711092,269130,961900,1231030,0.966353626,2.371064718,9.665,90.335,21.862,78.138,15315,27.13818,24250.75,42.972329,5797.8,10.2737016,,,,,,,,,
139,D,2,268190,1742000,2010190,1.577991109,318120,1265100,1583220,1.242821367,2.820812476,13.341,86.659,20.093,79.907,24855,44.04306,27978,49.577016,8608.5,15.254262,,,,,,,,,
139,D,3,120500,1317100,1437600,1.12851025,409040,1677300,2086340,1.637768555,2.766278804,8.3822,91.6178,19.606,80.394,19133,33.903676,25303,44.836916,8517.3,15.0926556,,,,,,,,,
139,D,4,144040,1644900,1788940,1.404310744,302750,1489700,1792450,1.40706608,2.811376824,8.0514,91.9486,16.89,83.11,15049,26.666828,33294.75,58.998297,5494,9.735368,,,,,,,,,
139,E,1,247060,1745700,1992760,1.564308629,174410,848370,1022780,0.802878209,2.367186838,12.398,87.602,17.052,82.948,16008,28.366176,24031.75,42.584261,6278.5,11.125502,,,,,,,,,
139,E,2,177860,1995900,2173760,1.706392905,257930,1255400,1513330,1.187957997,2.894350902,8.1823,91.8177,17.044,82.956,17722,31.403384,24585.75,43.565949,6857.5,12.15149,,,,,,,,,
139,E,3,237139.5,1842107.25,2079246.75,1.632200382,202129.75,1027552.375,1229682.125,0.965295549,2.597495931,11.40506772,88.59493228,16.43756105,83.56243895,15638.625,27.7116435,11169.75,19.792797,5666,10.040152,,,,,,,,,
139,E,4,246680,1890500,2137180,1.677677751,153090,738290,891380,0.699729734,2.377407486,11.543,88.457,17.174,82.826,22517,39.900124,27668,49.027696,7638,13.534536,,,,,,,,,
139,G,1,187760,2151200,2338960,1.836074244,159150,672040,831190,0.652480825,2.488555069,8.0274,91.9726,19.147,80.853,15428,27.338416,25166.25,44.594595,6495,11.50914,,,,,,,,,
139,G,2,198853.25,2096268.75,2295122,1.80166159,194052.375,768986.875,963039.25,0.755981959,2.557643549,8.664169051,91.33583095,20.14999648,79.85000352,14432.375,25.5741685,26700.25,47.312843,5290.75,9.375209,,,,,,,,,
139,G,3,261177.25,2217058.25,2478235.5,1.945404955,129690,566410,696100,0.546435716,2.49184067,10.53883902,89.46116098,18.631,81.369,15974.875,28.3074785,21517.5,38.12901,6092.875,10.7965745,,,,,,,,,
139,G,4,227660,2311500,2539160,1.993230443,125630,606220,731850,0.574499323,2.567729766,8.9658,91.0342,17.166,82.834,16362,28.993464,24847.5,44.02977,6146.5,10.891598,,,,,,,,,
147,B,1,120373.75,927967,1048340.75,0.822943295,358417.125,1307774.125,1666191.25,1.307953466,2.130896762,11.48231145,88.51768855,21.51116356,78.48883644,12698.5,22.501742,19016.25,33.696795,4467.5,7.91641,,,,,,,,,
147,B,2,152003,1367974,1519977,1.193175865,140250,816250,956500,0.750848674,1.944024539,10.00034869,89.99965131,14.662,85.338,15950.125,28.2636215,25422,45.047784,5850.8,10.3676176,,,,,,,,,
147,B,3,173852,1300957.125,1474809.125,1.157719264,268260,1025500,1293760,1.015596425,2.173315689,11.78810173,88.21189827,20.736,79.264,19867.625,35.2054315,21063,37.323636,5740.5,10.172166,,,,,,,,,
147,B,4,228579.875,1346373.875,1574953.75,1.236332394,319628.75,1312860.375,1632489.125,1.281497433,2.517829827,14.51343412,85.48656588,19.57922691,80.42077309,16360.75,28.991249,16560.5,29.345206,4594.5,8.141454,,,,,,,,,
147,C,1,262771.75,873260.75,1136032.5,0.891780968,228070,596270,824340,0.647103603,1.538884571,23.13065427,76.86934573,27.667,72.333,23757.375,42.0980685,12717.5,22.53541,3902,6.914344,,,,,,,,,
147,C,2,75433.875,383343.375,458777.25,0.360138306,184017.125,995405.25,1179422.375,0.925841847,1.285980153,16.44237481,83.55762519,15.60230914,84.39769086,10240,18.14528,12956.75,22.959361,2942,5.213224,,,,,,,,,
147,C,3,86727.125,491089.375,577816.5,0.453583641,198933.25,897752.5,1096685.75,0.860893927,1.314477568,15.00945802,84.99054198,18.13949438,81.86050562,12746,22.585912,13208.25,23.405019,3120,5.52864,,,,,,,,,
147,C,4,86615.125,609049.5,695664.625,0.546093948,159525.25,891975,1051500.25,0.82542349,1.371517438,12.45070137,87.54929863,15.17120419,84.82879581,12427.625,22.0217515,13208.25,23.405019,4879.25,8.646031,,,,,,,,,
147,D,1,153234.375,1273104.625,1426339,1.11967041,160649.625,1035100,1195749.625,0.938658673,2.058329082,10.74319464,89.25680536,13.43505544,86.56494456,15033.5,26.639362,14570.25,25.818483,4044,7.165968,,,,,,,,,
147,D,2,170672.25,1570328.125,1741000.375,1.36667833,108639.875,769544.25,878184.125,0.689371025,2.056049356,9.803113914,90.19688609,12.37096776,87.62903224,14823.875,26.2679065,14911.5,26.423178,4438.75,7.865465,,,,,,,,,
147,D,3,150686.375,1185456.25,1336142.625,1.048866616,120274.5,821834.125,942108.625,0.739551502,1.788418118,11.27771633,88.72228367,12.76652148,87.23347852,14569.375,25.8169325,15292.75,27.098753,4753.5,8.423202,,,,,,,,,
147,D,4,158472.5,1241616,1400088.5,1.099063872,102839.25,717579.75,820419,0.644025633,1.743089505,11.31874878,88.68125122,12.53496689,87.46503311,14723.375,26.0898205,17333,30.714076,5174,9.168328,,,,,,,,,
147,E,1,102820.625,655248.75,758069.375,0.595081427,135742.875,724426.75,860169.625,0.675229715,1.270311142,13.56348487,86.43651513,15.78094263,84.21905737,12102.875,21.4462945,13103.25,23.218959,3906.25,6.921875,,,,,,,,,
147,E,2,104834.5,661302.75,766137.25,0.601414677,181061,876196.375,1057257.375,0.82994281,1.431357487,13.68351428,86.31648572,17.12553672,82.87446328,11572.875,20.5071345,16061.5,28.460978,4395.75,7.789269,,,,,,,,,
147,E,3,109521.875,640799.125,750321,0.588998984,192939.625,833232.125,1026171.75,0.805540719,1.394539703,14.59666929,85.40333071,18.80188428,81.19811572,10277.5,18.21173,15927,28.222644,3463,6.136436,,,,,,,,,
147,E,4,108026.875,587580,695606.875,0.546048614,204526.625,885222,1089748.625,0.855448312,1.401496926,15.52987454,84.47012546,18.76823887,81.23176113,11133.75,19.729005,15414.25,27.314051,4041.875,7.1622025,,,,,,,,,
147,F,1,175489,1592747,1768236,1.388058187,177390,911640,1089030,0.854884194,2.242942381,9.92452365,90.07547635,16.289,83.711,16561.625,29.3471995,31343.5,55.540682,6321.8,11.2022296,,,,,,,,,
147,F,2,166540.25,1645750.625,1812290.875,1.422641088,145400,888440,1033840,0.811560265,2.234201352,9.189487863,90.81051214,14.064,85.936,20854.875,36.9548385,21119.5,37.423754,6309.8,11.1809656,,,,,,,,,
147,F,3,124862,1555125.875,1679987.875,1.318783762,219070,1258400,1477470,1.15980804,2.478591802,7.432315546,92.56768445,14.827,85.173,16589.625,29.3968155,19873.25,35.215399,4975,8.8157,,,,,,,,,
147,F,4,139779.75,1370428.625,1510208.375,1.185507534,175370,1309700,1485070,1.16577401,2.351281543,9.255659836,90.74434016,11.809,88.191,14957.25,26.504247,27242.25,48.273267,6831,12.104532,,,,,,,,,
148,A,1,319756.5,2139611.5,2459368,1.930594043,305260,916410,1221670,0.959006063,2.889600106,13.00157195,86.99842805,24.987,75.013,24354.75,43.156617,29040.25,51.459323,7867.8,13.9417416,,,,,,,,,
148,A,2,319756.5,2139611.5,2459368,1.930594043,327440,906500,1233940,0.968637964,2.899232007,13.00157195,86.99842805,26.536,73.464,24354.75,43.156617,26983.25,47.814319,7250.5,12.847886,,,,,,,,,
148,A,3,156037,1835002.125,1991039.125,1.562957749,271410,841850,1113260,0.873904647,2.436862396,7.836963023,92.16303698,24.38,75.62,16385.375,29.0348845,30173,53.466556,7133,12.639676,,,,,,,,,
148,A,4,93016.5,1659358.125,1752374.625,1.375607071,313550,1154700,1468250,1.152570377,2.528177448,5.308025959,94.69197404,21.356,78.644,18035.375,31.9586845,39777.5,70.48573,10948,19.399856,,,,,,,,,
148,B,1,41548,252330,293878,0.230693054,201954.625,673218.625,875173.25,0.687007501,0.917700555,14.138,85.862,23.07595953,76.92404047,7500.9,13.2915948,11636.5,20.619878,1999,3.542228,,,,,,,,,
148,B,2,41881,311370,353251,0.277300622,186550,624370,810920,0.636568956,0.913869578,11.856,88.144,23.005,76.995,7354.3,13.0318196,11580.75,20.521089,2501.1,4.4319492,,,,,,,,,
148,B,3,95067,507720,602787,0.473185384,191809.375,734484,926293.375,0.727136594,1.200321978,15.771,84.229,20.70719495,79.29280505,9942.3,17.6177556,16653.5,29.510002,3020,5.35144,,,,,,,,,
148,B,4,254841.125,1358191.625,1613032.75,1.266224257,160374,564449.875,724823.875,0.568983843,1.835208099,15.79888102,84.20111898,22.1259268,77.8740732,18962.625,33.6017715,11805.25,20.918903,3842,6.808024,,,,,,,,,
148,C,1,325030,2108100,2433130,1.909997317,339120,1040500,1379620,1.082996182,2.992993499,13.359,86.641,24.582,75.418,19624,34.773728,34196,60.595312,6374,11.294728,,,,,,,,,
148,C,2,317178.875,2052058.75,2369237.625,1.859842059,294190,863540,1157730,0.908813419,2.768655478,13.38738131,86.61261869,25.411,74.589,20440,36.21968,34120,60.46064,8237.5,14.59685,,,,,,,,,
148,C,3,332600,2263600,2596200,2.038006615,375680,1208300,1583980,1.243417964,3.281424579,12.811,87.189,23.718,76.282,21975,38.9397,35001.25,62.022215,7061,12.512092,,,,,,,,,
148,C,4,345319.75,2262476.75,2607796.5,2.047109821,448340,1035100,1483440,1.164494466,3.211604288,13.24182121,86.75817879,30.223,69.777,21513.5,38.121922,30918.5,54.787582,7280.6,12.9012232,,,,,,,,,
148,E,1,201968.875,1650858.375,1852827.25,1.45446198,333884.5,1140470.625,1474355.125,1.157362876,2.611824856,10.90057775,89.09942225,22.64613826,77.35386174,19175.625,33.9792075,22760,40.33072,6340.25,11.234923,,,,,,,,,
148,E,2,147797.125,1808310.75,1956107.875,1.535536857,312554.125,1157902.875,1470457,1.154302863,2.689839721,7.555673534,92.44432647,21.25557735,78.74442265,15525.125,27.5105215,24344.5,43.138454,5511.75,9.766821,,,,,,,,,
148,E,3,136128.625,1778576.625,1914705.25,1.503035962,331643.375,1138475.125,1470118.5,1.154037142,2.657073104,7.109638677,92.89036132,22.55895528,77.44104472,18552,32.874144,22466.75,39.811081,6711.25,11.892335,,,,,,,,,
148,E,4,163656.375,1646188.625,1809845,1.420721086,392564.125,1301762.875,1694327,1.330039918,2.750761003,9.042563037,90.95743696,23.16932475,76.83067525,16743.5,29.669482,23905.75,42.360989,7078.75,12.543545,,,,,,,,,
148,F,1,186810,1432900,1619710,1.271465871,234920,712250,947170,0.743524661,2.014990532,11.533,88.467,24.802,75.198,14211,25.181892,20853.75,36.952845,4767.8,8.4485416,,,,,,,,,
148,F,2,189320,1151500,1340820,1.052538337,248780,1017600,1266380,0.994103234,2.046641571,14.119,85.881,19.645,80.355,17674,31.318328,30386.5,53.844878,5570.8,9.8714576,,,,,,,,,
148,F,3,196850,1567500,1764350,1.385007693,133640,703400,837040,0.657073052,2.042080744,11.157,88.843,15.966,84.034,13786,24.428792,24465.75,43.353309,5139.3,9.1068396,,,,,,,,,
148,F,4,236580,1588100,1824680,1.432366501,190100,664920,855020,0.67118728,2.103553781,12.965,87.035,22.233,77.767,14129,25.036588,11474.25,20.332371,4875,8.6385,,,,,,,,,
148,H,1,73649,791880,865529,0.679436803,383720,930650,1314370,1.031775193,1.711211995,8.5091,91.4909,29.194,70.806,9265.6,16.4186432,14600.25,25.871643,3399.8,6.0244456,,,,,,,,,
148,H,2,87543,1021500.375,1109043.375,0.870594613,379410,1048400,1427810,1.120825139,1.991419752,7.893559618,92.10644038,26.573,73.427,10079.25,17.860431,23746.5,42.078798,4782.5,8.47459,,,,,,,,,
148,H,3,213218.25,1568960.125,1782178.375,1.399002896,262400,769190,1031590,0.809794024,2.208796919,11.96391186,88.03608814,25.437,74.563,19935.125,35.3250415,34314.75,60.805737,6442.8,11.4166416,,,,,,,,,
148,H,4,213220,1674500,1887720,1.481852649,478820,875630,1354450,1.063237832,2.545090481,11.295,88.705,35.352,64.648,21488,38.076736,21101,37.390972,6718.4,11.9050048,,,,,,,,,
149,B,1,179241.625,1588696.25,1767937.875,1.38782416,351760,1112600,1464360,1.149516743,2.537340903,10.13845721,89.86154279,24.021,75.979,15507.25,27.478847,35001.25,62.022215,6856.6,12.1498952,,,,,,,,,
149,B,2,184143.625,1882515.25,2066658.875,1.62231895,385530,1243000,1628530,1.278389536,2.900708486,8.910208996,91.089791,23.674,76.326,19548.875,34.6406065,31521.25,55.855655,8646.9,15.3223068,,,,,,,,,
149,B,3,267478.75,1783607.25,2051086,1.610094306,355060,1041400,1396460,1.096215514,2.70630982,13.04083544,86.95916456,25.426,74.574,24014.125,42.5530295,25945,45.97454,6735.3,11.9349516,,,,,,,,,
149,B,4,244984.375,1916402.625,2161387,1.696680149,313870,1031500,1345370,1.056110069,2.752790218,11.33459094,88.66540906,23.33,76.67,16326.875,28.9312225,26274,46.557528,6088.8,10.7893536,,,,,,,,,
149,C,1,439908.5,2105316.875,2545225.375,1.997991738,330850,1081100,1411950,1.108375102,3.106366841,17.28367571,82.71632429,23.432,76.568,20126.375,35.6639365,28409.5,50.341634,6675,11.8281,,,,,,,,,
149,C,2,354849.25,1945988.125,2300837.375,1.806148136,348720,1193400,1542120,1.210558032,3.016706168,15.42261326,84.57738674,22.613,77.387,19600.875,34.7327505,31574.75,55.950457,7093.8,12.5702136,,,,,,,,,
149,C,3,338252.5,2041221.875,2379474.375,1.867877866,356740,1319900,1676640,1.316155693,3.18403356,14.21542941,85.78457059,21.278,78.722,20188.25,35.773579,27504.75,48.738417,7024,12.446528,,,,,,,,,
149,C,4,328890,2080700,2409590,1.891518512,479793,1714611.875,2194404.875,1.722599049,3.614117561,13.649,86.351,21.86437906,78.13562094,21420,37.95624,35381,62.695132,7058.75,12.508105,,,,,,,,,
149,E,1,157810,1823200,1981010,1.555084926,315310,1105100,1420410,1.115016168,2.670101094,7.966,92.034,22.199,77.801,17817,31.571724,31222.75,55.326713,7471.8,13.2400296,,,,,,,,,
149,E,2,298290,1914200,2212490,1.7367958,392480,1051700,1444180,1.133675523,2.870471323,13.482,86.518,27.176,72.824,22638,40.114536,29015.25,51.415023,6644,11.773168,,,,,,,,,
149,E,3,318570,1970100,2288670,1.796596795,387980,1041200,1429180,1.121900583,2.918497379,13.919,86.081,27.147,72.853,23065,40.87118,31890.75,56.510409,6814.8,12.0758256,,,,,,,,,
149,E,4,348760,1959100,2307860,1.811660869,479540,1159300,1638840,1.286482845,3.098143713,15.112,84.888,29.261,70.739,25012,44.321264,31956.25,56.626475,6914.6,12.2526712,,,,,,,,,
149,G,1,115064.375,1749657.875,1864722.25,1.463799507,261650,883500,1145150,0.898938169,2.362737677,6.170590553,93.82940945,22.849,77.151,14487.75,25.672293,30024.75,53.203857,5652.8,10.0167616,,,,,,,,,
149,G,2,87471,1357300,1444771,1.134139456,214495.25,848603.125,1063098.375,0.834527972,1.968667428,6.0544,93.9456,20.17642535,79.82357465,16375,29.0165,24058,42.630776,6124.75,10.853057,,,,,,,,,
149,G,3,189368.125,2115806.25,2305174.375,1.809552664,297410,1164200,1461610,1.147358004,2.956910667,8.214915412,91.78508459,20.347,79.653,19586.5,34.707278,27264,48.311808,7507.8,13.3038216,,,,,,,,,
149,G,4,260590.375,2266699,2527289.375,1.98391205,266820,1042900,1309720,1.028124961,3.012037011,10.31106202,89.68893798,20.373,79.627,20464.5,36.263094,24200.5,42.883286,6465,11.45598,,,,,,,,,
149,H,1,233359.125,2425780.875,2659140,2.087414263,354878.875,1302525.25,1657404.125,1.301055609,3.388469872,8.775736704,91.2242633,21.41172872,78.58827128,19638.875,34.8000865,20751.5,36.771658,5930,10.50796,,,,,,,,,
149,H,2,256577.125,2315504.75,2572081.875,2.019073984,413657.375,1498668.125,1912325.5,1.501167868,3.520241852,9.975464914,90.02453509,21.63111745,78.36888255,18697.625,33.1321915,22731,40.279332,5977,10.591244,,,,,,,,,
149,H,3,183448.625,1929502.125,2112950.75,1.658657887,417388.875,1690273.625,2107662.5,1.654506632,3.313164519,8.682106055,91.31789395,19.80340187,80.19659813,20432,36.205504,31379.5,55.604474,8330.375,14.7614245,,,,,,,,,
149,H,4,212820.875,1902059.25,2114880.125,1.660172439,403094.75,1532847.5,1935942.25,1.519706922,3.179879361,10.06302308,89.93697692,20.82163091,79.17836909,15665,27.75838,23823.75,42.215685,5686.75,10.076921,,,,,,,,,
154,C,1,194630,1199400,1394030,1.094307974,289249.125,1196059.375,1485308.5,1.165961231,2.260269205,13.962,86.038,19.47400994,80.52599006,15864,28.111008,15609.75,27.660477,4415,7.82338,,,,,,,,,
154,C,2,255160,1559000,1814160,1.424108343,177240,688920,866160,0.679932135,2.104040479,14.064,85.936,20.463,79.537,19681,34.874732,20408.25,36.163419,5739.8,10.1709256,,,,,,,,,
154,C,3,401920,1482500,1884420,1.479262162,229840,549170,779010,0.611519734,2.090781896,21.328,78.672,29.504,70.496,22262,39.448264,22781.75,40.369261,5601.9,9.9265668,,,,,,,,,
154,C,4,408665.125,1588404.25,1997069.375,1.567691471,133780,339450,473230,0.371483657,1.939175128,20.46324129,79.53675871,28.27,71.73,19888.125,35.2417575,19574,34.685128,4863.75,8.618565,,,,,,,,,
154,D,1,149192.125,1163196,1312388.125,1.030219429,180030,661300,841330,0.660440685,1.690660113,11.36798803,88.63201197,21.398,78.602,14611.75,25.892021,22780.5,40.367046,5566.1,9.8631292,,,,,,,,,
154,D,2,114845.25,1125732.625,1240577.875,0.97384867,205420,622790,828210,0.650141537,1.623990207,9.2573995,90.7426005,24.802,75.198,15381.125,27.2553535,30323.75,53.733685,7394.25,13.102611,,,,,,,,,
154,D,3,114950,1034078.125,1149028.125,0.901982482,182990,606580,789570,0.619809292,1.521791774,10.00410673,89.99589327,23.176,76.824,12487.875,22.1285145,23158,41.035976,5103,9.042516,,,,,,,,,
154,D,4,100927.5,1006107,1107034.5,0.869017654,188455.375,559270.125,747725.5,0.586961527,1.455979181,9.11692454,90.88307546,25.20381811,74.79618189,13259.75,23.496277,23591.75,41.804581,6445,11.42054,,,,,,,,,
154,E,1,271394,977991.375,1249385.375,0.980762522,125184.375,396025.5,521209.875,0.409147667,1.389910189,21.72220081,78.27779919,24.01803592,75.98196408,21309.625,37.7606555,19860.5,35.192806,4040.75,7.160209,,,,,,,,,
154,E,2,266024.75,893195,1159219.75,0.909982867,157099.875,456789.625,613889.5,0.481900802,1.391883669,22.94860401,77.05139599,25.59090439,74.40909561,22725.75,40.270029,16541.75,29.311981,6250.125,11.0752215,,,,,,,,,
154,E,3,439694.375,1394750.75,1834445.125,1.440032085,316240,930300,1246540,0.978528914,2.418560999,23.96879411,76.03120589,25.369,74.631,29192.5,51.72911,22715.75,40.252309,5348.8,9.4780736,,,,,,,,,
154,E,4,942300,1959800,2902100,2.278136892,228550,544970,773520,0.607210106,2.885346998,32.47,67.53,29.546,70.454,26635,47.19722,24400,43.2368,6444,11.418768,,,,,,,,,
154,F,1,221461.875,1805924.25,2027386.125,1.591489999,195220,731540,926760,0.727502893,2.318992892,10.92351734,89.07648266,21.065,78.935,16137.375,28.5954285,28080,49.75776,6392.625,11.3277315,,,,,,,,,
154,F,2,222220.25,1617169.875,1839390.125,1.443913891,227300,820450,1047750,0.822479559,2.26639345,12.08119186,87.91880814,21.694,78.306,19244.125,34.1005895,34810,61.68332,8688.125,15.3953575,,,,,,,,,
154,F,3,396860,2198500,2595360,2.037347219,250850,873920,1124770,0.882939951,2.920287169,15.291,84.709,22.302,77.698,23199,41.108628,26641.25,47.208295,7439.5,13.182794,,,,,,,,,
154,F,4,311000.5,1982998.25,2293998.75,1.800779843,213160,674430,887590,0.6967546,2.497534442,13.55713468,86.44286532,24.016,75.984,14634.875,25.9329985,26022.25,46.111427,5398.75,9.566585,,,,,,,,,
154,G,1,203190,1560100,1763290,1.384175597,197350,687080,884430,0.694274012,2.078449609,11.523,88.477,22.313,77.687,14867,26.344324,19417.75,34.408253,5762.8,10.2116816,,,,,,,,,
154,G,2,205100,1628200,1833300,1.439133167,128500,576770,705270,0.553634129,1.992767296,11.188,88.812,18.22,81.78,18649,33.046028,25279.25,44.794831,7473,13.242156,,,,,,,,,
154,G,3,153440,1341400,1494840,1.173443421,165920,746430,912350,0.716191101,1.889634521,10.265,89.735,18.186,81.814,21693,38.439996,25007,44.312404,8534.5,15.123134,,,,,,,,,
154,G,4,182516.75,1441860.5,1624377.25,1.275129644,147400,610450,757850,0.594909219,1.870038862,11.23610602,88.76389398,19.45,80.55,17502.625,31.0146515,20036,35.503792,6047.75,10.716613,,,,,,,,,
154,I,1,213261.625,1014737.25,1227998.875,0.963974205,349280,1111800,1461080,1.146941956,2.110916161,17.36659775,82.63340225,23.906,76.094,12159.125,21.5459695,28804.75,51.042017,5622.5,9.96307,,,,,,,,,
154,I,2,222284.75,1098932.5,1321217.25,1.037150256,276086.375,927314.75,1203401.125,0.94466507,1.981815326,16.82423916,83.17576084,22.94217358,77.05782642,15124.25,26.800171,23610.25,41.837363,5310.125,9.4095415,,,,,,,,,
154,I,3,240515,1280709.625,1521224.625,1.194155246,240176.625,894573.75,1134750.375,0.890774505,2.084929751,15.81061705,84.18938295,21.16559115,78.83440885,17774.875,31.4970785,25048.75,44.386385,5841.125,10.3504735,,,,,,,,,
154,I,4,294923.375,1630690.625,1925614,1.511599288,206010,846720,1052730,0.826388839,2.337988127,15.31580966,84.68419034,19.569,80.431,20026.25,35.486515,25740.25,45.611723,5784,10.249248,,,,,,,,,
155,A,1,101720,2118500,2220220,1.742863819,176630,800450,977080,0.767003892,2.509867711,4.5814,95.4186,18.078,81.922,14008,24.822176,36423.5,64.542442,5558.4,9.8494848,,,,,,,,,
155,A,2,117356.875,2465887.375,2583244.25,2.027836403,126720,580530,707250,0.555188421,2.583024824,4.543003435,95.45699657,17.917,82.083,14782,26.193704,32578.5,57.729102,4769.5,8.451554,,,,,,,,,
155,A,3,261716.625,2215765.5,2477482.125,1.944813558,161400,620120,781520,0.613490074,2.558303632,10.56381487,89.43618513,20.652,79.348,19728.125,34.9582375,36772.75,65.161313,5094.5,9.027454,,,,,,,,,
155,A,4,271179.125,2128165.5,2399344.625,1.883475933,181520,664620,846140,0.664216515,2.547692449,11.30221654,88.69778346,21.452,78.548,15663.75,27.756165,34284.5,60.752134,5464.8,9.6836256,,,,,,,,,
155,C,1,499895.125,2208071.75,2707966.875,2.125743165,298060,791410,1089470,0.855229592,2.980972757,18.46016396,81.53983604,27.358,72.642,31219.125,55.3202895,20970.25,37.159283,8372.9,14.8367788,,,,,,,,,
155,C,2,514236.875,2216730.25,2730967.125,2.143798269,366490,901950,1268440,0.995720326,3.139518595,18.82984494,81.17015506,28.893,71.107,29623.75,52.493285,17432.75,30.890833,8311,14.727092,,,,,,,,,
155,C,3,510660,2335359.125,2846019.125,2.234113629,338640,852160,1190800,0.934773237,3.168886866,17.94295743,82.05704257,28.438,71.562,25116,44.505552,22495.25,39.861583,6510.8,11.5371376,,,,,,,,,
155,C,4,526098.75,2421639.625,2947738.375,2.313962833,264620,729010,993630,0.779995575,3.093958409,17.84753879,82.15246121,26.632,73.368,25295.5,44.823626,23828.5,42.224102,5722.8,10.1408016,,,,,,,,,
155,D,1,414710,2002700,2417410,1.89765718,596220,1162300,1758520,1.380431166,3.278088346,17.155,82.845,33.904,66.096,26683,47.282276,37099.25,65.739871,8912.9,15.7936588,,,,,,,,,
155,D,2,283230,2337100,2620330,2.056948569,516610,1330700,1847310,1.450130961,3.507079529,10.809,89.191,27.965,72.035,25299,44.829828,32982,58.444104,7427.3,13.1611756,,,,,,,,,
155,D,3,422450,2357100,2779550,2.181935632,580300,1227200,1807500,1.41888027,3.600815902,15.199,84.801,32.105,67.895,26482,46.926104,26534,47.018248,7285,12.90902,,,,,,,,,
155,D,4,284420,2505200,2789620,2.189840542,567590,1398700,1966290,1.543529785,3.733370326,10.196,89.804,28.866,71.134,22805,40.41046,22429,39.744188,8314.3,14.7329396,,,,,,,,,
155,E,1,186240,2049600,2235840,1.755125457,356430,932950,1289380,1.012158142,2.767283599,8.3296,91.6704,27.644,72.356,17285,30.62902,23520,41.67744,6161.5,10.918178,,,,,,,,,
155,E,2,335350,2002600,2337950,1.835281398,470800,992520,1463320,1.148700347,2.983981745,14.344,85.656,32.173,67.827,19832,35.142304,27073,47.973356,6459.6,11.4464112,,,,,,,,,
155,E,3,243300,2664300,2907600,2.28245437,232770,1103800,1336570,1.049202104,3.331656473,8.3678,91.6322,17.416,82.584,20977,37.171244,26863.25,47.601679,7498.3,13.2869876,,,,,,,,,
155,E,4,262680,2575000,2837680,2.227567449,256690,1135100,1391790,1.092549583,3.320117032,9.257,90.743,18.443,81.557,17110,30.31892,24855.75,44.044389,6657.5,11.79709,,,,,,,,,
155,F,1,197360,2081800,2279160,1.789131483,282300,1421900,1704200,1.337790183,3.126921667,8.6593,91.3407,16.564,83.436,15341,27.184252,25793.25,45.705639,5923.8,10.4969736,,,,,,,,,
155,F,2,146430,2076500,2222930,1.744991158,237210,1256000,1493210,1.172163877,2.917155035,6.5874,93.4126,15.886,84.114,17991,31.880052,31858.5,56.453262,7868.5,13.942982,,,,,,,,,
155,F,3,166737.375,2763090,2929827.375,2.29990277,268640,1598300,1866940,1.465540432,3.765443202,5.691030687,94.30896931,14.389,85.611,19364,34.313008,31915.5,56.554266,9074,16.079128,,,,,,,,,
155,F,4,205517.375,2886746.375,3092263.75,2.427414675,187280,1309100,1496380,1.174652314,3.602066989,6.64617871,93.35382129,12.515,87.485,22375,39.6485,30524.75,54.089857,9919.75,17.577797,,,,,,,,,
156,B,1,245500,1457600,1703100,1.336926688,488070,1043600,1531670,1.202354823,2.539281511,14.415,85.585,31.865,68.135,17754,31.460088,22391,39.676852,5786.3,10.2533236,,,,,,,,,
156,B,2,150660,1263100,1413760,1.109795945,531220,1205200,1736420,1.363082754,2.472878699,10.656,89.344,30.592,69.408,17280,30.62016,21894,38.796168,5764.3,10.2143396,,,,,,,,,
156,B,3,246290,1654300,1900590,1.491955548,432010,912070,1344080,1.055097424,2.547052971,12.959,87.041,32.141,67.859,20132,35.673904,25236.5,44.719078,6264.8,11.1012256,,,,,,,,,
156,B,4,131180,1461200,1592380,1.25001193,352770,1059400,1412170,1.108547801,2.358559732,8.238,91.762,24.981,75.019,17222,30.517384,25643.5,45.440282,5735.8,10.1638376,,,,,,,,,
156,C,1,120660,1952700,2073360,1.627579307,251020,1400300,1651320,1.296279595,2.923858901,5.8194,94.1806,15.202,84.798,17572,31.137584,25673.25,45.492999,6232.8,11.0445216,,,,,,,,,
156,C,2,133120,2087800,2220920,1.743413316,222570,1151000,1373570,1.078246956,2.821660272,5.9938,94.0062,16.204,83.796,16468,29.181296,29858.25,52.908819,5837,10.343164,,,,,,,,,
156,C,3,221160,1417100,1638260,1.286027547,329160,1117900,1447060,1.135936312,2.421963859,13.5,86.5,22.747,77.253,19883,35.232676,24528.5,43.464502,6161.8,10.9187096,,,,,,,,,
156,C,4,278216.25,1552248.75,1830465,1.436907703,268569.25,847581.875,1116151.125,0.876174169,2.313081872,15.19921168,84.80078832,24.06208657,75.93791343,19757.75,35.010733,25765.5,45.656466,6006.75,10.643961,,,,,,,,,
156,D,1,247085.5,1494644,1741729.5,1.367250691,241837.5,610155.875,851993.375,0.668811391,2.036062082,14.18621548,85.81378452,28.38490381,71.61509619,17618.625,31.2202035,27859.75,49.367477,6839.625,12.1198155,,,,,,,,,
156,D,2,176084.125,1501837.625,1677921.75,1.317161862,208797.5,635404.5,844202,0.662695193,1.979857055,10.49417978,89.50582022,24.73312075,75.26687925,15718.625,27.8534035,31310.5,55.482206,7259.875,12.8644985,,,,,,,,,
156,D,3,203201.125,1424271.125,1627472.25,1.277559206,225970,712000,937970,0.736302698,2.013861904,12.48568908,87.51431092,24.091,75.909,16783.5,29.740362,30803.75,54.584245,7281,12.901932,,,,,,,,,
156,D,4,179108.125,1378173.75,1557281.875,1.222460043,233180,817510,1050690,0.824787447,2.04724749,11.50132984,88.49867016,22.193,77.807,15544,27.543968,33746.25,59.798355,6701.5,11.875058,,,,,,,,,
156,E,1,389830,2450100,2839930,2.22933369,281120,988160,1269280,0.996379723,3.225713413,13.727,86.273,22.148,77.852,25494,45.175368,36871,65.335412,9391.3,16.6413836,,,,,,,,,
156,E,2,254635.25,2181501.125,2436136.375,1.91235731,179040,716210,895250,0.702767669,2.615124979,10.45242182,89.54757818,19.998,80.002,22907.5,40.59209,24660.25,43.697963,6637.625,11.7618715,,,,,,,,,
156,E,3,223962.875,2204748.75,2428711.625,1.906528911,180360,737180,917540,0.72026523,2.626794141,9.221468399,90.7785316,19.657,80.343,24877.875,44.0835945,32535.25,57.652463,8337.9,14.7747588,,,,,,,,,
156,E,4,238685.25,2015617.25,2254302.5,1.769618445,229550.875,591649.625,821200.5,0.644639108,2.414257553,10.58798675,89.41201325,27.95308515,72.04691485,23868.75,42.295425,25432.25,45.065947,10277,18.210844,,,,,,,,,
156,G,1,187520,1892700,2080220,1.632964379,160960,606240,767200,0.602248931,2.23521331,9.0146,90.9854,20.98,79.02,15840,28.06848,24540.5,43.485766,5662.8,10.0344816,,,,,,,,,
156,G,2,175250,1889700,2064950,1.62097749,174840,608960,783800,0.615279865,2.236257355,8.4869,91.5131,22.307,77.693,14448,25.601856,24111,42.724692,5510,9.76372,,,,,,,,,
156,G,3,185400,1969800,2155200,1.691823379,170470,686830,857300,0.672977071,2.36480045,8.6025,91.3975,19.884,80.116,17582,31.155304,23148.75,41.019585,6235.8,11.0498376,,,,,,,,,
156,G,4,214530,2003000,2217530,1.74075218,304870,783590,1088460,0.854436746,2.595188926,9.6743,90.3257,28.009,71.991,17993,31.883596,21892.75,38.793953,5880,10.41936,,,,,,,,,
156,H,1,184480,2278900,2463380,1.933743446,483370,1408700,1892070,1.485267382,3.419010828,7.489,92.511,25.547,74.453,16160,28.63552,29786.5,52.781678,5837,10.343164,,,,,,,,,
156,H,2,161720,2356300,2518020,1.976635628,470650,1237500,1708150,1.340890917,3.317526545,6.4223,93.5777,27.553,72.447,18490,32.76428,36623.25,64.896399,7503.3,13.2958476,,,,,,,,,
156,H,3,174410,2138900,2313310,1.815939097,675280,1513100,2188380,1.717869546,3.533808643,7.5391,92.4609,30.857,69.143,18092,32.059024,34745.5,61.569026,8360.9,14.8155148,,,,,,,,,
156,H,4,143370,2227800,2371170,1.861358965,535880,1448000,1983880,1.557337864,3.41869683,6.0465,93.9535,27.012,72.988,24877,44.082044,26755,47.40986,6568.3,11.6390276,,,,,,,,,
157,A,1,191641.25,2105315.125,2296956.375,1.803101567,241300,1154100,1395400,1.095383418,2.898484985,8.343269036,91.65673096,17.293,82.707,17868.5,31.662982,31992.5,56.69071,8002.625,14.1806515,,,,,,,,,
157,A,2,450570,2156600,2607170,2.046618021,364270,900170,1264440,0.992580342,3.039198364,17.282,82.718,28.809,71.191,21483,38.067876,25198,44.650856,6406.8,11.3528496,,,,,,,,,
157,A,3,276310,1622200,1898510,1.490322756,386321.5,919230.25,1305551.75,1.024852902,2.515175658,14.554,85.446,29.59066923,70.40933077,26686,47.287592,35828.25,63.487659,7799.75,13.821157,,,,,,,,,
157,A,4,231300,1936900,2168200,1.702028327,399180,1104500,1503680,1.180382785,2.882411112,10.668,89.332,26.546,73.454,19576,34.688672,35089,62.177708,7213.5,12.782322,,,,,,,,,
157,B,1,246705.625,1923159.5,2169865.125,1.703335444,278150,616360,894510,0.702186772,2.405522216,11.36962948,88.63037052,31.095,68.905,16183.75,28.677605,21681,38.418732,5023.25,8.901199,,,,,,,,,
157,B,2,154958.375,1673378.375,1828336.75,1.435237035,245150,946760,1191910,0.935644582,2.370881618,8.475373861,91.52462614,20.568,79.432,18048.25,31.981499,35410,62.74652,8000.75,14.177329,,,,,,,,,
157,B,3,189416.75,1860793.125,2050209.875,1.609406551,260380,765390,1025770,0.805225347,2.414631898,9.238895603,90.7611044,25.384,74.616,15203.875,26.9412665,24998.5,44.297342,5580.75,9.889089,,,,,,,,,
157,B,4,131501.625,1302614.375,1434116,1.125775324,341456,1101834.625,1443290.625,1.132977367,2.258752691,9.16952499,90.83047501,23.65815963,76.34184037,13999.25,24.806671,27828,49.311216,6258.25,11.089619,,,,,,,,,
157,C,1,394570,2184900,2579470,2.024873632,293320,726150,1019470,0.800279872,2.825153504,15.297,84.703,28.772,71.228,19168,33.965696,29255,51.83986,6870,12.17364,,,,,,,,,
157,C,2,446600,2200300,2646900,2.077805912,269360,725640,995000,0.78107102,2.858876932,16.873,83.127,27.071,72.929,22905,40.58766,28360.5,50.254806,6806.8,12.0616496,,,,,,,,,
157,C,3,303381.25,1877915.875,2181297.125,1.712309518,243260,683260,926520,0.727314494,2.439624012,13.90829551,86.09170449,26.255,73.745,17544,31.087968,28950.5,51.300286,6529.9,11.5709828,,,,,,,,,
157,C,4,281036.125,2028672.125,2309708.25,1.813111737,247460,754990,1002450,0.78691924,2.600030978,12.16760277,87.83239723,24.685,75.315,15110,26.77492,29123,51.605956,5521.8,9.7846296,,,,,,,,,
157,D,1,152100,1892000,2044100,1.604610324,342540,1308300,1650840,1.295902797,2.90051312,7.441,92.559,20.75,79.25,14548,25.779056,28751.25,50.947215,6079,10.771988,,,,,,,,,
157,D,2,403800,2098500,2502300,1.964295491,486170,989550,1475720,1.158434297,3.122729788,16.137,83.863,32.945,67.055,23789,42.154108,33151,58.743572,7277,12.894844,,,,,,,,,
157,D,3,290530,2096800,2387330,1.874044501,422170,1058600,1480770,1.162398527,3.036443028,12.17,87.83,28.509,71.491,19832,35.142304,26774.25,47.443971,6417.3,11.3714556,,,,,,,,,
157,D,4,362230,1964800,2327030,1.826709242,584710,1166800,1751510,1.374928344,3.201637586,15.566,84.434,33.383,66.617,21920,38.84224,34111,60.444692,7313.9,12.9602308,,,,,,,,,
157,E,1,254014.625,2934314.625,3188329.25,2.502825708,478140,1284000,1762140,1.383272851,3.886098559,7.967013601,92.0329864,27.134,72.866,20277.75,35.932173,36390,64.48308,8602.3,15.2432756,,,,,,,,,
157,E,2,297075.25,2957380.625,3254455.875,2.554734844,400560,1048500,1449060,1.137506304,3.692241148,9.128261725,90.87173828,27.643,72.357,23789,42.154108,34690.5,61.471566,8774.6,15.5485912,,,,,,,,,
157,E,3,520860,3287100,3807960,2.989233368,441540,1216300,1657840,1.301397769,4.290631137,13.678,86.322,26.633,73.367,30884,54.726448,29207.25,51.755247,6385.3,11.3147516,,,,,,,,,
157,E,4,434280,3305400,3739680,2.935633841,614230,1425800,2040030,1.60141539,4.537049231,11.613,88.387,30.109,69.891,25521,45.223212,28790.5,51.016766,7061.4,12.5128008,,,,,,,,,
157,F,1,539690,2331100,2870790,2.253558667,455550,1030500,1486050,1.166543306,3.420101973,18.8,81.2,30.656,69.344,29572,52.401584,34409.5,60.973634,7369.8,13.0592856,,,,,,,,,
157,F,2,518550,2413100,2931650,2.301333523,439170,1054500,1493670,1.172524975,3.473858499,17.688,82.312,29.402,70.598,28503,50.507316,31912.5,56.54895,7392.5,13.09951,,,,,,,,,
157,F,3,528570,2452900,2981470,2.340442024,412370,1046300,1458670,1.145050115,3.485492139,17.728,82.272,28.271,71.729,26004,46.079088,31913.5,56.550722,6952.8,12.3203616,,,,,,,,,
157,F,4,519720,2325300,2845020,2.23332932,414200,1124200,1538400,1.207637846,3.440967166,18.268,81.732,26.924,73.076,23617,41.849324,32149.25,56.968471,6427.8,11.3900616,,,,,,,,,
,,,,,,,,,,,,,,,,,,,,,,,,,,,,,,
,,,,,,,,,,,,,,,,,,,,,,,,,,,,,,
,,,,,,,,,,,,,,,,,,,,,,,,,,,,,,
,,,,,,,,,,,,,,,,,,,,,,,,,,,,,,
,,,,,,,,,,,,,,,,,,,,,,,,,,,,,,
,,,,,,,,,,,,,,,,,,,,,,,,,,,,,,
,,,,,,,,,,,,,,,,,,,,,,,,,,,,,,
,,,,,,,,,,,,,,,,,,,,,,,,,,,,,,
,,,,,,,,,,,,,,,,,,,,,,,,,,,,,,
,,,,,,,,,,,,,,,,,,,,,,,,,,,,,,
,,,,,,,,,,,,,,,,,,,,,,,,,,,,,,
,,,,,,,,,,,,,,,,,,,,,,,,,,,,,,
,,,,,,,,,,,,,,,,,,,,,,,,,,,,,,
,,,,,,,,,,,,,,,,,,,,,,,,,,,,,,
,,,,,,,,,,,,,,,,,,,,,,,,,,,,,,
,,,,,,,,,,,,,,,,,,,,,,,,,,,,,,
,,,,,,,,,,,,,,,,,,,,,,,,,,,,,,
,,,,,,,,,,,,,,,,,,,,,,,,,,,,,,
,,,,,,,,,,,,,,,,,,,,,,,,,,,,,,
,,,,,,,,,,,,,,,,,,,,,,,,,,,,,,
,,,,,,,,,,,,,,,,,,,,,,,,,,,,,,
,,,,,,,,,,,,,,,,,,,,,,,,,,,,,,
,,,,,,,,,,,,,,,,,,,,,,,,,,,,,,
,,,,,,,,,,,,,,,,,,,,,,,,,,,,,,
,,,,,,,,,,,,,,,,,,,,,,,,,,,,,,
,,,,,,,,,,,,,,,,,,,,,,,,,,,,,,
,,,,,,,,,,,,,,,,,,,,,,,,,,,,,,
,,,,,,,,,,,,,,,,,,,,,,,,,,,,,,
,,,,,,,,,,,,,,,,,,,,,,,,,,,,,,
,,,,,,,,,,,,,,,,,,,,,,,,,,,,,,
,,,,,,,,,,,,,,,,,,,,,,,,,,,,,,
,,,,,,,,,,,,,,,,,,,,,,,,,,,,,,
,,,,,,,,,,,,,,,,,,,,,,,,,,,,,,
,,,,,,,,,,,,,,,,,,,,,,,,,,,,,,
,,,,,,,,,,,,,,,,,,,,,,,,,,,,,,
,,,,,,,,,,,,,,,,,,,,,,,,,,,,,,
,,,,,,,,,,,,,,,,,,,,,,,,,,,,,,
,,,,,,,,,,,,,,,,,,,,,,,,,,,,,,
,,,,,,,,,,,,,,,,,,,,,,,,,,,,,,
,,,,,,,,,,,,,,,,,,,,,,,,,,,,,,
,,,,,,,,,,,,,,,,,,,,,,,,,,,,,,
,,,,,,,,,,,,,,,,,,,,,,,,,,,,,,
,,,,,,,,,,,,,,,,,,,,,,,,,,,,,,
,,,,,,,,,,,,,,,,,,,,,,,,,,,,,,
,,,,,,,,,,,,,,,,,,,,,,,,,,,,,,
,,,,,,,,,,,,,,,,,,,,,,,,,,,,,,
,,,,,,,,,,,,,,,,,,,,,,,,,,,,,,
,,,,,,,,,,,,,,,,,,,,,,,,,,,,,,
,,,,,,,,,,,,,,,,,,,,,,,,,,,,,,
,,,,,,,,,,,,,,,,,,,,,,,,,,,,,,
,,,,,,,,,,,,,,,,,,,,,,,,,,,,,,
,,,,,,,,,,,,,,,,,,,,,,,,,,,,,,
,,,,,,,,,,,,,,,,,,,,,,,,,,,,,,
,,,,,,,,,,,,,,,,,,,,,,,,,,,,,,
,,,,,,,,,,,,,,,,,,,,,,,,,,,,,,
,,,,,,,,,,,,,,,,,,,,,,,,,,,,,,
,,,,,,,,,,,,,,,,,,,,,,,,,,,,,,
,,,,,,,,,,,,,,,,,,,,,,,,,,,,,,
,,,,,,,,,,,,,,,,,,,,,,,,,,,,,,
,,,,,,,,,,,,,,,,,,,,,,,,,,,,,,
,,,,,,,,,,,,,,,,,,,,,,,,,,,,,,
,,,,,,,,,,,,,,,,,,,,,,,,,,,,,,
,,,,,,,,,,,,,,,,,,,,,,,,,,,,,,
,,,,,,,,,,,,,,,,,,,,,,,,,,,,,,
,,,,,,,,,,,,,,,,,,,,,,,,,,,,,,
,,,,,,,,,,,,,,,,,,,,,,,,,,,,,,
,,,,,,,,,,,,,,,,,,,,,,,,,,,,,,
,,,,,,,,,,,,,,,,,,,,,,,,,,,,,,
,,,,,,,,,,,,,,,,,,,,,,,,,,,,,,
,,,,,,,,,,,,,,,,,,,,,,,,,,,,,,
,,,,,,,,,,,,,,,,,,,,,,,,,,,,,,
,,,,,,,,,,,,,,,,,,,,,,,,,,,,,,
,,,,,,,,,,,,,,,,,,,,,,,,,,,,,,
,,,,,,,,,,,,,,,,,,,,,,,,,,,,,,
,,,,,,,,,,,,,,,,,,,,,,,,,,,,,,
,,,,,,,,,,,,,,,,,,,,,,,,,,,,,,
,,,,,,,,,,,,,,,,,,,,,,,,,,,,,,
,,,,,,,,,,,,,,,,,,,,,,,,,,,,,,
,,,,,,,,,,,,,,,,,,,,,,,,,,,,,,
,,,,,,,,,,,,,,,,,,,,,,,,,,,,,,
,,,,,,,,,,,,,,,,,,,,,,,,,,,,,,
,,,,,,,,,,,,,,,,,,,,,,,,,,,,,,
,,,,,,,,,,,,,,,,,,,,,,,,,,,,,,
,,,,,,,,,,,,,,,,,,,,,,,,,,,,,,
,,,,,,,,,,,,,,,,,,,,,,,,,,,,,,
,,,,,,,,,,,,,,,,,,,,,,,,,,,,,,
,,,,,,,,,,,,,,,,,,,,,,,,,,,,,,
,,,,,,,,,,,,,,,,,,,,,,,,,,,,,,
,,,,,,,,,,,,,,,,,,,,,,,,,,,,,,
,,,,,,,,,,,,,,,,,,,,,,,,,,,,,,
,,,,,,,,,,,,,,,,,,,,,,,,,,,,,,
,,,,,,,,,,,,,,,,,,,,,,,,,,,,,,
,,,,,,,,,,,,,,,,,,,,,,,,,,,,,,
,,,,,,,,,,,,,,,,,,,,,,,,,,,,,,
,,,,,,,,,,,,,,,,,,,,,,,,,,,,,,
,,,,,,,,,,,,,,,,,,,,,,,,,,,,,,
,,,,,,,,,,,,,,,,,,,,,,,,,,,,,,
,,,,,,,,,,,,,,,,,,,,,,,,,,,,,,
,,,,,,,,,,,,,,,,,,,,,,,,,,,,,,
,,,,,,,,,,,,,,,,,,,,,,,,,,,,,,
,,,,,,,,,,,,,,,,,,,,,,,,,,,,,,
,,,,,,,,,,,,,,,,,,,,,,,,,,,,,,
,,,,,,,,,,,,,,,,,,,,,,,,,,,,,,
,,,,,,,,,,,,,,,,,,,,,,,,,,,,,,
,,,,,,,,,,,,,,,,,,,,,,,,,,,,,,
,,,,,,,,,,,,,,,,,,,,,,,,,,,,,,
,,,,,,,,,,,,,,,,,,,,,,,,,,,,,,
,,,,,,,,,,,,,,,,,,,,,,,,,,,,,,
,,,,,,,,,,,,,,,,,,,,,,,,,,,,,,
,,,,,,,,,,,,,,,,,,,,,,,,,,,,,,
,,,,,,,,,,,,,,,,,,,,,,,,,,,,,,
,,,,,,,,,,,,,,,,,,,,,,,,,,,,,,
,,,,,,,,,,,,,,,,,,,,,,,,,,,,,,
,,,,,,,,,,,,,,,,,,,,,,,,,,,,,,
,,,,,,,,,,,,,,,,,,,,,,,,,,,,,,
,,,,,,,,,,,,,,,,,,,,,,,,,,,,,,
,,,,,,,,,,,,,,,,,,,,,,,,,,,,,,
,,,,,,,,,,,,,,,,,,,,,,,,,,,,,,
,,,,,,,,,,,,,,,,,,,,,,,,,,,,,,
,,,,,,,,,,,,,,,,,,,,,,,,,,,,,,
,,,,,,,,,,,,,,,,,,,,,,,,,,,,,,
,,,,,,,,,,,,,,,,,,,,,,,,,,,,,,
,,,,,,,,,,,,,,,,,,,,,,,,,,,,,,
,,,,,,,,,,,,,,,,,,,,,,,,,,,,,,
,,,,,,,,,,,,,,,,,,,,,,,,,,,,,,
,,,,,,,,,,,,,,,,,,,,,,,,,,,,,,
,,,,,,,,,,,,,,,,,,,,,,,,,,,,,,
,,,,,,,,,,,,,,,,,,,,,,,,,,,,,,
,,,,,,,,,,,,,,,,,,,,,,,,,,,,,,
,,,,,,,,,,,,,,,,,,,,,,,,,,,,,,
,,,,,,,,,,,,,,,,,,,,,,,,,,,,,,
,,,,,,,,,,,,,,,,,,,,,,,,,,,,,,
,,,,,,,,,,,,,,,,,,,,,,,,,,,,,,
,,,,,,,,,,,,,,,,,,,,,,,,,,,,,,
,,,,,,,,,,,,,,,,,,,,,,,,,,,,,,
,,,,,,,,,,,,,,,,,,,,,,,,,,,,,,
,,,,,,,,,,,,,,,,,,,,,,,,,,,,,,
,,,,,,,,,,,,,,,,,,,,,,,,,,,,,,
,,,,,,,,,,,,,,,,,,,,,,,,,,,,,,
,,,,,,,,,,,,,,,,,,,,,,,,,,,,,,
,,,,,,,,,,,,,,,,,,,,,,,,,,,,,,
,,,,,,,,,,,,,,,,,,,,,,,,,,,,,,
,,,,,,,,,,,,,,,,,,,,,,,,,,,,,,
,,,,,,,,,,,,,,,,,,,,,,,,,,,,,,
,,,,,,,,,,,,,,,,,,,,,,,,,,,,,,
,,,,,,,,,,,,,,,,,,,,,,,,,,,,,,
,,,,,,,,,,,,,,,,,,,,,,,,,,,,,,
,,,,,,,,,,,,,,,,,,,,,,,,,,,,,,
,,,,,,,,,,,,,,,,,,,,,,,,,,,,,,
,,,,,,,,,,,,,,,,,,,,,,,,,,,,,,
,,,,,,,,,,,,,,,,,,,,,,,,,,,,,,
,,,,,,,,,,,,,,,,,,,,,,,,,,,,,,
,,,,,,,,,,,,,,,,,,,,,,,,,,,,,,
,,,,,,,,,,,,,,,,,,,,,,,,,,,,,,
,,,,,,,,,,,,,,,,,,,,,,,,,,,,,,
,,,,,,,,,,,,,,,,,,,,,,,,,,,,,,
,,,,,,,,,,,,,,,,,,,,,,,,,,,,,,
,,,,,,,,,,,,,,,,,,,,,,,,,,,,,,
,,,,,,,,,,,,,,,,,,,,,,,,,,,,,,
,,,,,,,,,,,,,,,,,,,,,,,,,,,,,,
,,,,,,,,,,,,,,,,,,,,,,,,,,,,,,
,,,,,,,,,,,,,,,,,,,,,,,,,,,,,,
,,,,,,,,,,,,,,,,,,,,,,,,,,,,,,
,,,,,,,,,,,,,,,,,,,,,,,,,,,,,,
,,,,,,,,,,,,,,,,,,,,,,,,,,,,,,
,,,,,,,,,,,,,,,,,,,,,,,,,,,,,,
,,,,,,,,,,,,,,,,,,,,,,,,,,,,,,
,,,,,,,,,,,,,,,,,,,,,,,,,,,,,,
,,,,,,,,,,,,,,,,,,,,,,,,,,,,,,
,,,,,,,,,,,,,,,,,,,,,,,,,,,,,,
,,,,,,,,,,,,,,,,,,,,,,,,,,,,,,
,,,,,,,,,,,,,,,,,,,,,,,,,,,,,,
,,,,,,,,,,,,,,,,,,,,,,,,,,,,,,
,,,,,,,,,,,,,,,,,,,,,,,,,,,,,,
,,,,,,,,,,,,,,,,,,,,,,,,,,,,,,
,,,,,,,,,,,,,,,,,,,,,,,,,,,,,,
,,,,,,,,,,,,,,,,,,,,,,,,,,,,,,
,,,,,,,,,,,,,,,,,,,,,,,,,,,,,,
,,,,,,,,,,,,,,,,,,,,,,,,,,,,,,
,,,,,,,,,,,,,,,,,,,,,,,,,,,,,,
,,,,,,,,,,,,,,,,,,,,,,,,,,,,,,
,,,,,,,,,,,,,,,,,,,,,,,,,,,,,,
,,,,,,,,,,,,,,,,,,,,,,,,,,,,,,
,,,,,,,,,,,,,,,,,,,,,,,,,,,,,,
,,,,,,,,,,,,,,,,,,,,,,,,,,,,,,
,,,,,,,,,,,,,,,,,,,,,,,,,,,,,,
,,,,,,,,,,,,,,,,,,,,,,,,,,,,,,
,,,,,,,,,,,,,,,,,,,,,,,,,,,,,,
,,,,,,,,,,,,,,,,,,,,,,,,,,,,,,
,,,,,,,,,,,,,,,,,,,,,,,,,,,,,,
,,,,,,,,,,,,,,,,,,,,,,,,,,,,,,
,,,,,,,,,,,,,,,,,,,,,,,,,,,,,,
,,,,,,,,,,,,,,,,,,,,,,,,,,,,,,
,,,,,,,,,,,,,,,,,,,,,,,,,,,,,,
,,,,,,,,,,,,,,,,,,,,,,,,,,,,,,
,,,,,,,,,,,,,,,,,,,,,,,,,,,,,,
,,,,,,,,,,,,,,,,,,,,,,,,,,,,,,
,,,,,,,,,,,,,,,,,,,,,,,,,,,,,,
,,,,,,,,,,,,,,,,,,,,,,,,,,,,,,
,,,,,,,,,,,,,,,,,,,,,,,,,,,,,,
,,,,,,,,,,,,,,,,,,,,,,,,,,,,,,
,,,,,,,,,,,,,,,,,,,,,,,,,,,,,,
,,,,,,,,,,,,,,,,,,,,,,,,,,,,,,
,,,,,,,,,,,,,,,,,,,,,,,,,,,,,,
,,,,,,,,,,,,,,,,,,,,,,,,,,,,,,
,,,,,,,,,,,,,,,,,,,,,,,,,,,,,,
,,,,,,,,,,,,,,,,,,,,,,,,,,,,,,
,,,,,,,,,,,,,,,,,,,,,,,,,,,,,,
,,,,,,,,,,,,,,,,,,,,,,,,,,,,,,
,,,,,,,,,,,,,,,,,,,,,,,,,,,,,,
,,,,,,,,,,,,,,,,,,,,,,,,,,,,,,
,,,,,,,,,,,,,,,,,,,,,,,,,,,,,,
,,,,,,,,,,,,,,,,,,,,,,,,,,,,,,
,,,,,,,,,,,,,,,,,,,,,,,,,,,,,,
,,,,,,,,,,,,,,,,,,,,,,,,,,,,,,
,,,,,,,,,,,,,,,,,,,,,,,,,,,,,,
,,,,,,,,,,,,,,,,,,,,,,,,,,,,,,
,,,,,,,,,,,,,,,,,,,,,,,,,,,,,,
,,,,,,,,,,,,,,,,,,,,,,,,,,,,,,
,,,,,,,,,,,,,,,,,,,,,,,,,,,,,,
,,,,,,,,,,,,,,,,,,,,,,,,,,,,,,
,,,,,,,,,,,,,,,,,,,,,,,,,,,,,,
,,,,,,,,,,,,,,,,,,,,,,,,,,,,,,
,,,,,,,,,,,,,,,,,,,,,,,,,,,,,,
,,,,,,,,,,,,,,,,,,,,,,,,,,,,,,
,,,,,,,,,,,,,,,,,,,,,,,,,,,,,,
,,,,,,,,,,,,,,,,,,,,,,,,,,,,,,
,,,,,,,,,,,,,,,,,,,,,,,,,,,,,,
,,,,,,,,,,,,,,,,,,,,,,,,,,,,,,
,,,,,,,,,,,,,,,,,,,,,,,,,,,,,,
,,,,,,,,,,,,,,,,,,,,,,,,,,,,,,
,,,,,,,,,,,,,,,,,,,,,,,,,,,,,,
,,,,,,,,,,,,,,,,,,,,,,,,,,,,,,
,,,,,,,,,,,,,,,,,,,,,,,,,,,,,,
,,,,,,,,,,,,,,,,,,,,,,,,,,,,,,
,,,,,,,,,,,,,,,,,,,,,,,,,,,,,,
,,,,,,,,,,,,,,,,,,,,,,,,,,,,,,
,,,,,,,,,,,,,,,,,,,,,,,,,,,,,,
,,,,,,,,,,,,,,,,,,,,,,,,,,,,,,
,,,,,,,,,,,,,,,,,,,,,,,,,,,,,,
,,,,,,,,,,,,,,,,,,,,,,,,,,,,,,
,,,,,,,,,,,,,,,,,,,,,,,,,,,,,,
,,,,,,,,,,,,,,,,,,,,,,,,,,,,,,
,,,,,,,,,,,,,,,,,,,,,,,,,,,,,,
,,,,,,,,,,,,,,,,,,,,,,,,,,,,,,
,,,,,,,,,,,,,,,,,,,,,,,,,,,,,,
,,,,,,,,,,,,,,,,,,,,,,,,,,,,,,
,,,,,,,,,,,,,,,,,,,,,,,,,,,,,,
,,,,,,,,,,,,,,,,,,,,,,,,,,,,,,
,,,,,,,,,,,,,,,,,,,,,,,,,,,,,,
,,,,,,,,,,,,,,,,,,,,,,,,,,,,,,
,,,,,,,,,,,,,,,,,,,,,,,,,,,,,,
,,,,,,,,,,,,,,,,,,,,,,,,,,,,,,
,,,,,,,,,,,,,,,,,,,,,,,,,,,,,,
,,,,,,,,,,,,,,,,,,,,,,,,,,,,,,
,,,,,,,,,,,,,,,,,,,,,,,,,,,,,,
,,,,,,,,,,,,,,,,,,,,,,,,,,,,,,
,,,,,,,,,,,,,,,,,,,,,,,,,,,,,,
,,,,,,,,,,,,,,,,,,,,,,,,,,,,,,
,,,,,,,,,,,,,,,,,,,,,,,,,,,,,,
,,,,,,,,,,,,,,,,,,,,,,,,,,,,,,
,,,,,,,,,,,,,,,,,,,,,,,,,,,,,,
,,,,,,,,,,,,,,,,,,,,,,,,,,,,,,
,,,,,,,,,,,,,,,,,,,,,,,,,,,,,,
,,,,,,,,,,,,,,,,,,,,,,,,,,,,,,
,,,,,,,,,,,,,,,,,,,,,,,,,,,,,,
,,,,,,,,,,,,,,,,,,,,,,,,,,,,,,
,,,,,,,,,,,,,,,,,,,,,,,,,,,,,,
,,,,,,,,,,,,,,,,,,,,,,,,,,,,,,
,,,,,,,,,,,,,,,,,,,,,,,,,,,,,,
,,,,,,,,,,,,,,,,,,,,,,,,,,,,,,
,,,,,,,,,,,,,,,,,,,,,,,,,,,,,,
,,,,,,,,,,,,,,,,,,,,,,,,,,,,,,
,,,,,,,,,,,,,,,,,,,,,,,,,,,,,,
,,,,,,,,,,,,,,,,,,,,,,,,,,,,,,
,,,,,,,,,,,,,,,,,,,,,,,,,,,,,,
,,,,,,,,,,,,,,,,,,,,,,,,,,,,,,
,,,,,,,,,,,,,,,,,,,,,,,,,,,,,,
,,,,,,,,,,,,,,,,,,,,,,,,,,,,,,
,,,,,,,,,,,,,,,,,,,,,,,,,,,,,,
,,,,,,,,,,,,,,,,,,,,,,,,,,,,,,
,,,,,,,,,,,,,,,,,,,,,,,,,,,,,,
,,,,,,,,,,,,,,,,,,,,,,,,,,,,,,
,,,,,,,,,,,,,,,,,,,,,,,,,,,,,,
,,,,,,,,,,,,,,,,,,,,,,,,,,,,,,
,,,,,,,,,,,,,,,,,,,,,,,,,,,,,,
,,,,,,,,,,,,,,,,,,,,,,,,,,,,,,
,,,,,,,,,,,,,,,,,,,,,,,,,,,,,,
,,,,,,,,,,,,,,,,,,,,,,,,,,,,,,
,,,,,,,,,,,,,,,,,,,,,,,,,,,,,,
,,,,,,,,,,,,,,,,,,,,,,,,,,,,,,
,,,,,,,,,,,,,,,,,,,,,,,,,,,,,,
,,,,,,,,,,,,,,,,,,,,,,,,,,,,,,
,,,,,,,,,,,,,,,,,,,,,,,,,,,,,,
,,,,,,,,,,,,,,,,,,,,,,,,,,,,,,
,,,,,,,,,,,,,,,,,,,,,,,,,,,,,,
,,,,,,,,,,,,,,,,,,,,,,,,,,,,,,
,,,,,,,,,,,,,,,,,,,,,,,,,,,,,,
,,,,,,,,,,,,,,,,,,,,,,,,,,,,,,
,,,,,,,,,,,,,,,,,,,,,,,,,,,,,,
,,,,,,,,,,,,,,,,,,,,,,,,,,,,,,
,,,,,,,,,,,,,,,,,,,,,,,,,,,,,,
,,,,,,,,,,,,,,,,,,,,,,,,,,,,,,
,,,,,,,,,,,,,,,,,,,,,,,,,,,,,,
,,,,,,,,,,,,,,,,,,,,,,,,,,,,,,
,,,,,,,,,,,,,,,,,,,,,,,,,,,,,,
,,,,,,,,,,,,,,,,,,,,,,,,,,,,,,
,,,,,,,,,,,,,,,,,,,,,,,,,,,,,,
,,,,,,,,,,,,,,,,,,,,,,,,,,,,,,
,,,,,,,,,,,,,,,,,,,,,,,,,,,,,,
,,,,,,,,,,,,,,,,,,,,,,,,,,,,,,
,,,,,,,,,,,,,,,,,,,,,,,,,,,,,,
,,,,,,,,,,,,,,,,,,,,,,,,,,,,,,
,,,,,,,,,,,,,,,,,,,,,,,,,,,,,,
,,,,,,,,,,,,,,,,,,,,,,,,,,,,,,
,,,,,,,,,,,,,,,,,,,,,,,,,,,,,,
,,,,,,,,,,,,,,,,,,,,,,,,,,,,,,
,,,,,,,,,,,,,,,,,,,,,,,,,,,,,,
,,,,,,,,,,,,,,,,,,,,,,,,,,,,,,
,,,,,,,,,,,,,,,,,,,,,,,,,,,,,,
,,,,,,,,,,,,,,,,,,,,,,,,,,,,,,
,,,,,,,,,,,,,,,,,,,,,,,,,,,,,,
,,,,,,,,,,,,,,,,,,,,,,,,,,,,,,
,,,,,,,,,,,,,,,,,,,,,,,,,,,,,,
,,,,,,,,,,,,,,,,,,,,,,,,,,,,,,
,,,,,,,,,,,,,,,,,,,,,,,,,,,,,,
,,,,,,,,,,,,,,,,,,,,,,,,,,,,,,
,,,,,,,,,,,,,,,,,,,,,,,,,,,,,,
,,,,,,,,,,,,,,,,,,,,,,,,,,,,,,
,,,,,,,,,,,,,,,,,,,,,,,,,,,,,,
,,,,,,,,,,,,,,,,,,,,,,,,,,,,,,
,,,,,,,,,,,,,,,,,,,,,,,,,,,,,,
,,,,,,,,,,,,,,,,,,,,,,,,,,,,,,
,,,,,,,,,,,,,,,,,,,,,,,,,,,,,,
,,,,,,,,,,,,,,,,,,,,,,,,,,,,,,
,,,,,,,,,,,,,,,,,,,,,,,,,,,,,,
,,,,,,,,,,,,,,,,,,,,,,,,,,,,,,
,,,,,,,,,,,,,,,,,,,,,,,,,,,,,,
,,,,,,,,,,,,,,,,,,,,,,,,,,,,,,
,,,,,,,,,,,,,,,,,,,,,,,,,,,,,,
,,,,,,,,,,,,,,,,,,,,,,,,,,,,,,
,,,,,,,,,,,,,,,,,,,,,,,,,,,,,,
,,,,,,,,,,,,,,,,,,,,,,,,,,,,,,
,,,,,,,,,,,,,,,,,,,,,,,,,,,,,,
,,,,,,,,,,,,,,,,,,,,,,,,,,,,,,
,,,,,,,,,,,,,,,,,,,,,,,,,,,,,,
,,,,,,,,,,,,,,,,,,,,,,,,,,,,,,
,,,,,,,,,,,,,,,,,,,,,,,,,,,,,,
,,,,,,,,,,,,,,,,,,,,,,,,,,,,,,
,,,,,,,,,,,,,,,,,,,,,,,,,,,,,,
,,,,,,,,,,,,,,,,,,,,,,,,,,,,,,
,,,,,,,,,,,,,,,,,,,,,,,,,,,,,,
,,,,,,,,,,,,,,,,,,,,,,,,,,,,,,
,,,,,,,,,,,,,,,,,,,,,,,,,,,,,,
,,,,,,,,,,,,,,,,,,,,,,,,,,,,,,
,,,,,,,,,,,,,,,,,,,,,,,,,,,,,,
,,,,,,,,,,,,,,,,,,,,,,,,,,,,,,
,,,,,,,,,,,,,,,,,,,,,,,,,,,,,,
,,,,,,,,,,,,,,,,,,,,,,,,,,,,,,
,,,,,,,,,,,,,,,,,,,,,,,,,,,,,,
,,,,,,,,,,,,,,,,,,,,,,,,,,,,,,
,,,,,,,,,,,,,,,,,,,,,,,,,,,,,,
,,,,,,,,,,,,,,,,,,,,,,,,,,,,,,
,,,,,,,,,,,,,,,,,,,,,,,,,,,,,,
,,,,,,,,,,,,,,,,,,,,,,,,,,,,,,
,,,,,,,,,,,,,,,,,,,,,,,,,,,,,,
,,,,,,,,,,,,,,,,,,,,,,,,,,,,,,
,,,,,,,,,,,,,,,,,,,,,,,,,,,,,,
,,,,,,,,,,,,,,,,,,,,,,,,,,,,,,
,,,,,,,,,,,,,,,,,,,,,,,,,,,,,,
,,,,,,,,,,,,,,,,,,,,,,,,,,,,,,
,,,,,,,,,,,,,,,,,,,,,,,,,,,,,,
,,,,,,,,,,,,,,,,,,,,,,,,,,,,,,
,,,,,,,,,,,,,,,,,,,,,,,,,,,,,,
,,,,,,,,,,,,,,,,,,,,,,,,,,,,,,
,,,,,,,,,,,,,,,,,,,,,,,,,,,,,,
,,,,,,,,,,,,,,,,,,,,,,,,,,,,,,
,,,,,,,,,,,,,,,,,,,,,,,,,,,,,,
,,,,,,,,,,,,,,,,,,,,,,,,,,,,,,
,,,,,,,,,,,,,,,,,,,,,,,,,,,,,,
,,,,,,,,,,,,,,,,,,,,,,,,,,,,,,
,,,,,,,,,,,,,,,,,,,,,,,,,,,,,,
,,,,,,,,,,,,,,,,,,,,,,,,,,,,,,
,,,,,,,,,,,,,,,,,,,,,,,,,,,,,,
,,,,,,,,,,,,,,,,,,,,,,,,,,,,,,
,,,,,,,,,,,,,,,,,,,,,,,,,,,,,,
,,,,,,,,,,,,,,,,,,,,,,,,,,,,,,
,,,,,,,,,,,,,,,,,,,,,,,,,,,,,,
,,,,,,,,,,,,,,,,,,,,,,,,,,,,,,
,,,,,,,,,,,,,,,,,,,,,,,,,,,,,,
,,,,,,,,,,,,,,,,,,,,,,,,,,,,,,
,,,,,,,,,,,,,,,,,,,,,,,,,,,,,,
,,,,,,,,,,,,,,,,,,,,,,,,,,,,,,
,,,,,,,,,,,,,,,,,,,,,,,,,,,,,,
,,,,,,,,,,,,,,,,,,,,,,,,,,,,,,
,,,,,,,,,,,,,,,,,,,,,,,,,,,,,,
,,,,,,,,,,,,,,,,,,,,,,,,,,,,,,
,,,,,,,,,,,,,,,,,,,,,,,,,,,,,,
,,,,,,,,,,,,,,,,,,,,,,,,,,,,,,
,,,,,,,,,,,,,,,,,,,,,,,,,,,,,,
,,,,,,,,,,,,,,,,,,,,,,,,,,,,,,
,,,,,,,,,,,,,,,,,,,,,,,,,,,,,,
,,,,,,,,,,,,,,,,,,,,,,,,,,,,,,
,,,,,,,,,,,,,,,,,,,,,,,,,,,,,,
,,,,,,,,,,,,,,,,,,,,,,,,,,,,,,
,,,,,,,,,,,,,,,,,,,,,,,,,,,,,,
,,,,,,,,,,,,,,,,,,,,,,,,,,,,,,
,,,,,,,,,,,,,,,,,,,,,,,,,,,,,,
,,,,,,,,,,,,,,,,,,,,,,,,,,,,,,
,,,,,,,,,,,,,,,,,,,,,,,,,,,,,,
,,,,,,,,,,,,,,,,,,,,,,,,,,,,,,
,,,,,,,,,,,,,,,,,,,,,,,,,,,,,,
,,,,,,,,,,,,,,,,,,,,,,,,,,,,,,
,,,,,,,,,,,,,,,,,,,,,,,,,,,,,,
,,,,,,,,,,,,,,,,,,,,,,,,,,,,,,
,,,,,,,,,,,,,,,,,,,,,,,,,,,,,,
,,,,,,,,,,,,,,,,,,,,,,,,,,,,,,
,,,,,,,,,,,,,,,,,,,,,,,,,,,,,,
,,,,,,,,,,,,,,,,,,,,,,,,,,,,,,
,,,,,,,,,,,,,,,,,,,,,,,,,,,,,,
,,,,,,,,,,,,,,,,,,,,,,,,,,,,,,
,,,,,,,,,,,,,,,,,,,,,,,,,,,,,,
,,,,,,,,,,,,,,,,,,,,,,,,,,,,,,
,,,,,,,,,,,,,,,,,,,,,,,,,,,,,,
,,,,,,,,,,,,,,,,,,,,,,,,,,,,,,
,,,,,,,,,,,,,,,,,,,,,,,,,,,,,,
,,,,,,,,,,,,,,,,,,,,,,,,,,,,,,
,,,,,,,,,,,,,,,,,,,,,,,,,,,,,,
,,,,,,,,,,,,,,,,,,,,,,,,,,,,,,
,,,,,,,,,,,,,,,,,,,,,,,,,,,,,,
,,,,,,,,,,,,,,,,,,,,,,,,,,,,,,
,,,,,,,,,,,,,,,,,,,,,,,,,,,,,,
,,,,,,,,,,,,,,,,,,,,,,,,,,,,,,
,,,,,,,,,,,,,,,,,,,,,,,,,,,,,,
,,,,,,,,,,,,,,,,,,,,,,,,,,,,,,
,,,,,,,,,,,,,,,,,,,,,,,,,,,,,,
,,,,,,,,,,,,,,,,,,,,,,,,,,,,,,
,,,,,,,,,,,,,,,,,,,,,,,,,,,,,,
,,,,,,,,,,,,,,,,,,,,,,,,,,,,,,
,,,,,,,,,,,,,,,,,,,,,,,,,,,,,,
,,,,,,,,,,,,,,,,,,,,,,,,,,,,,,
,,,,,,,,,,,,,,,,,,,,,,,,,,,,,,
,,,,,,,,,,,,,,,,,,,,,,,,,,,,,,
,,,,,,,,,,,,,,,,,,,,,,,,,,,,,,
,,,,,,,,,,,,,,,,,,,,,,,,,,,,,,
,,,,,,,,,,,,,,,,,,,,,,,,,,,,,,
,,,,,,,,,,,,,,,,,,,,,,,,,,,,,,
,,,,,,,,,,,,,,,,,,,,,,,,,,,,,,
,,,,,,,,,,,,,,,,,,,,,,,,,,,,,,
,,,,,,,,,,,,,,,,,,,,,,,,,,,,,,
,,,,,,,,,,,,,,,,,,,,,,,,,,,,,,
,,,,,,,,,,,,,,,,,,,,,,,,,,,,,,
,,,,,,,,,,,,,,,,,,,,,,,,,,,,,,
,,,,,,,,,,,,,,,,,,,,,,,,,,,,,,
,,,,,,,,,,,,,,,,,,,,,,,,,,,,,,
,,,,,,,,,,,,,,,,,,,,,,,,,,,,,,
,,,,,,,,,,,,,,,,,,,,,,,,,,,,,,
,,,,,,,,,,,,,,,,,,,,,,,,,,,,,,
,,,,,,,,,,,,,,,,,,,,,,,,,,,,,,
,,,,,,,,,,,,,,,,,,,,,,,,,,,,,,
,,,,,,,,,,,,,,,,,,,,,,,,,,,,,,
,,,,,,,,,,,,,,,,,,,,,,,,,,,,,,
,,,,,,,,,,,,,,,,,,,,,,,,,,,,,,
,,,,,,,,,,,,,,,,,,,,,,,,,,,,,,
,,,,,,,,,,,,,,,,,,,,,,,,,,,,,,
,,,,,,,,,,,,,,,,,,,,,,,,,,,,,,
,,,,,,,,,,,,,,,,,,,,,,,,,,,,,,
,,,,,,,,,,,,,,,,,,,,,,,,,,,,,,
,,,,,,,,,,,,,,,,,,,,,,,,,,,,,,
,,,,,,,,,,,,,,,,,,,,,,,,,,,,,,
,,,,,,,,,,,,,,,,,,,,,,,,,,,,,,
,,,,,,,,,,,,,,,,,,,,,,,,,,,,,,
,,,,,,,,,,,,,,,,,,,,,,,,,,,,,,
,,,,,,,,,,,,,,,,,,,,,,,,,,,,,,
,,,,,,,,,,,,,,,,,,,,,,,,,,,,,,
,,,,,,,,,,,,,,,,,,,,,,,,,,,,,,
,,,,,,,,,,,,,,,,,,,,,,,,,,,,,,
,,,,,,,,,,,,,,,,,,,,,,,,,,,,,,
,,,,,,,,,,,,,,,,,,,,,,,,,,,,,,
,,,,,,,,,,,,,,,,,,,,,,,,,,,,,,
,,,,,,,,,,,,,,,,,,,,,,,,,,,,,,
,,,,,,,,,,,,,,,,,,,,,,,,,,,,,,
,,,,,,,,,,,,,,,,,,,,,,,,,,,,,,
,,,,,,,,,,,,,,,,,,,,,,,,,,,,,,
,,,,,,,,,,,,,,,,,,,,,,,,,,,,,,
,,,,,,,,,,,,,,,,,,,,,,,,,,,,,,
,,,,,,,,,,,,,,,,,,,,,,,,,,,,,,
,,,,,,,,,,,,,,,,,,,,,,,,,,,,,,
,,,,,,,,,,,,,,,,,,,,,,,,,,,,,,
,,,,,,,,,,,,,,,,,,,,,,,,,,,,,,
,,,,,,,,,,,,,,,,,,,,,,,,,,,,,,
,,,,,,,,,,,,,,,,,,,,,,,,,,,,,,
,,,,,,,,,,,,,,,,,,,,,,,,,,,,,,
,,,,,,,,,,,,,,,,,,,,,,,,,,,,,,
,,,,,,,,,,,,,,,,,,,,,,,,,,,,,,
,,,,,,,,,,,,,,,,,,,,,,,,,,,,,,
,,,,,,,,,,,,,,,,,,,,,,,,,,,,,,
,,,,,,,,,,,,,,,,,,,,,,,,,,,,,,
,,,,,,,,,,,,,,,,,,,,,,,,,,,,,,
,,,,,,,,,,,,,,,,,,,,,,,,,,,,,,
,,,,,,,,,,,,,,,,,,,,,,,,,,,,,,
,,,,,,,,,,,,,,,,,,,,,,,,,,,,,,
,,,,,,,,,,,,,,,,,,,,,,,,,,,,,,
,,,,,,,,,,,,,,,,,,,,,,,,,,,,,,
,,,,,,,,,,,,,,,,,,,,,,,,,,,,,,
,,,,,,,,,,,,,,,,,,,,,,,,,,,,,,
,,,,,,,,,,,,,,,,,,,,,,,,,,,,,,
,,,,,,,,,,,,,,,,,,,,,,,,,,,,,,
,,,,,,,,,,,,,,,,,,,,,,,,,,,,,,
,,,,,,,,,,,,,,,,,,,,,,,,,,,,,,
,,,,,,,,,,,,,,,,,,,,,,,,,,,,,,
,,,,,,,,,,,,,,,,,,,,,,,,,,,,,,
,,,,,,,,,,,,,,,,,,,,,,,,,,,,,,
,,,,,,,,,,,,,,,,,,,,,,,,,,,,,,
,,,,,,,,,,,,,,,,,,,,,,,,,,,,,,
,,,,,,,,,,,,,,,,,,,,,,,,,,,,,,
,,,,,,,,,,,,,,,,,,,,,,,,,,,,,,
,,,,,,,,,,,,,,,,,,,,,,,,,,,,,,
,,,,,,,,,,,,,,,,,,,,,,,,,,,,,,
,,,,,,,,,,,,,,,,,,,,,,,,,,,,,,
,,,,,,,,,,,,,,,,,,,,,,,,,,,,,,
,,,,,,,,,,,,,,,,,,,,,,,,,,,,,,
,,,,,,,,,,,,,,,,,,,,,,,,,,,,,,
,,,,,,,,,,,,,,,,,,,,,,,,,,,,,,
,,,,,,,,,,,,,,,,,,,,,,,,,,,,,,
,,,,,,,,,,,,,,,,,,,,,,,,,,,,,,
,,,,,,,,,,,,,,,,,,,,,,,,,,,,,,
,,,,,,,,,,,,,,,,,,,,,,,,,,,,,,
,,,,,,,,,,,,,,,,,,,,,,,,,,,,,,
,,,,,,,,,,,,,,,,,,,,,,,,,,,,,,
,,,,,,,,,,,,,,,,,,,,,,,,,,,,,,
,,,,,,,,,,,,,,,,,,,,,,,,,,,,,,
,,,,,,,,,,,,,,,,,,,,,,,,,,,,,,